"Nombre del conjunto de anuncios","Nombre del anuncio","Nombre de la campaña",Día,Región,Alcance,Impresiones,Frecuencia,Divisa,"Importe gastado (CLP)","Configuración de atribución","Clics en el enlace","CTR (todos)","CPC (todos)","CPM (costo por mil impresiones)","Artículos agregados al carrito","Costo por artículo agregado al carrito","Reproducciones de video de 3 segundos","Reproducciones de video hasta el 25%","Reproducciones de video hasta el 50%","Reproducciones de video hasta el 75%","Reproducciones de video hasta el 95%","Reproducciones de video hasta el 100%","Inicio del informe","Fin del informe"
"Test Publicos : Temuco","Video explicando servicio corto","campaña ventas HotBoat",2025-06-11,"Araucanía Region",579,617,1.0656304,CLP,607,"7 días tras clic, 1 día tras visualización o 1 día tras visualización activa",15,3.07941653,31.94736842,983.79254457,,,164,,,,,,2025-01-01,2025-06-11
"Test Publicos : Temuco","Video explicando servicio corto","campaña ventas HotBoat",2025-06-11,"Los Ríos Region",19,22,1.15789474,CLP,14,"7 días tras clic, 1 día tras visualización o 1 día tras visualización activa",1,4.54545455,14,636.36363636,,,4,,,,,,2025-01-01,2025-06-11
"Test Publicos : Temuco","Video explicando servicio corto - Copia","campaña ventas HotBoat",2025-06-11,"Araucanía Region",288,362,1.25694444,CLP,661,"7 días tras clic, 1 día tras visualización o 1 día tras visualización activa",1,0.82872928,220.33333333,1825.96685083,,,84,,,,,,2025-01-01,2025-06-11
"Test Publicos : Temuco","Video explicando servicio corto - Copia","campaña ventas HotBoat",2025-06-11,"Los Ríos Region",4,4,1,CLP,2,"7 días tras clic, 1 día tras visualización o 1 día tras visualización activa",,,,500,,,1,,,,,,2025-01-01,2025-06-11
"Test Publicos : Temuco","Video parejas amor","campaña ventas HotBoat",2025-06-11,"Araucanía Region",88,88,1,CLP,151,"7 días tras clic, 1 día tras visualización o 1 día tras visualización activa",,2.27272727,75.5,1715.90909091,,,33,,,,,,2025-01-01,2025-06-11
"Test Publicos : Temuco","Video parejas amor","campaña ventas HotBoat",2025-06-11,"Los Ríos Region",2,2,1,CLP,2,"7 días tras clic, 1 día tras visualización o 1 día tras visualización activa",,,,1000,,,1,,,,,,2025-01-01,2025-06-11
"publico advantage","Video explicando servicio corto","campaña ventas HotBoat",2025-06-11,"Antofagasta Region",63,70,1.11111111,CLP,53,"7 días tras clic o 1 día tras visualización",,1.42857143,53,757.14285714,,,25,,,,,,2025-01-01,2025-06-11
"publico advantage","Video explicando servicio corto","campaña ventas HotBoat",2025-06-11,"Araucanía Region",118,124,1.05084746,CLP,70,"7 días tras clic o 1 día tras visualización",2,3.22580645,17.5,564.51612903,,,40,,,,,,2025-01-01,2025-06-11
"publico advantage","Video explicando servicio corto","campaña ventas HotBoat",2025-06-11,"Arica y Parinacota Region",6,6,1,CLP,4,"7 días tras clic o 1 día tras visualización",,,,666.66666667,,,3,,,,,,2025-01-01,2025-06-11
"publico advantage","Video explicando servicio corto","campaña ventas HotBoat",2025-06-11,"Atacama Region",12,12,1,CLP,4,"7 días tras clic o 1 día tras visualización",,8.33333333,4,333.33333333,,,6,,,,,,2025-01-01,2025-06-11
"publico advantage","Video explicando servicio corto","campaña ventas HotBoat",2025-06-11,"Aysén Region",8,8,1,CLP,3,"7 días tras clic o 1 día tras visualización",,,,375,,,4,,,,,,2025-01-01,2025-06-11
"publico advantage","Video explicando servicio corto","campaña ventas HotBoat",2025-06-11,"Bío Bío Region",116,117,1.00862069,CLP,94,"7 días tras clic o 1 día tras visualización",2,5.98290598,13.42857143,803.41880342,,,39,,,,,,2025-01-01,2025-06-11
"publico advantage","Video explicando servicio corto","campaña ventas HotBoat",2025-06-11,"Coquimbo Region",42,47,1.11904762,CLP,43,"7 días tras clic o 1 día tras visualización",,4.25531915,21.5,914.89361702,,,19,,,,,,2025-01-01,2025-06-11
"publico advantage","Video explicando servicio corto","campaña ventas HotBoat",2025-06-11,"Los Lagos Region",141,174,1.23404255,CLP,133,"7 días tras clic o 1 día tras visualización",3,4.59770115,16.625,764.36781609,,,60,,,,,,2025-01-01,2025-06-11
"publico advantage","Video explicando servicio corto","campaña ventas HotBoat",2025-06-11,"Los Ríos Region",54,55,1.01851852,CLP,31,"7 días tras clic o 1 día tras visualización",1,7.27272727,7.75,563.63636364,,,20,,,,,,2025-01-01,2025-06-11
"publico advantage","Video explicando servicio corto","campaña ventas HotBoat",2025-06-11,"Magallanes y la Antártica Chilena Region",22,23,1.04545455,CLP,17,"7 días tras clic o 1 día tras visualización",1,8.69565217,8.5,739.13043478,,,9,,,,,,2025-01-01,2025-06-11
"publico advantage","Video explicando servicio corto","campaña ventas HotBoat",2025-06-11,"Maule Region",83,93,1.12048193,CLP,107,"7 días tras clic o 1 día tras visualización",3,5.37634409,21.4,1150.53763441,,,27,,,,,,2025-01-01,2025-06-11
"publico advantage","Video explicando servicio corto","campaña ventas HotBoat",2025-06-11,"O'Higgins Region",70,70,1,CLP,53,"7 días tras clic o 1 día tras visualización",,1.42857143,53,757.14285714,,,27,,,,,,2025-01-01,2025-06-11
"publico advantage","Video explicando servicio corto","campaña ventas HotBoat",2025-06-11,"Santiago Metropolitan Region",431,467,1.08352668,CLP,554,"7 días tras clic o 1 día tras visualización",11,5.1391863,23.08333333,1186.29550321,,,149,,,,,,2025-01-01,2025-06-11
"publico advantage","Video explicando servicio corto","campaña ventas HotBoat",2025-06-11,"Tarapacá Region",19,21,1.10526316,CLP,18,"7 días tras clic o 1 día tras visualización",,,,857.14285714,,,8,,,,,,2025-01-01,2025-06-11
"publico advantage","Video explicando servicio corto","campaña ventas HotBoat",2025-06-11,Unknown,2,2,1,CLP,4,"7 días tras clic o 1 día tras visualización",,,,2000,,,,,,,,,2025-01-01,2025-06-11
"publico advantage","Video explicando servicio corto","campaña ventas HotBoat",2025-06-11,"Valparaíso Region",135,142,1.05185185,CLP,143,"7 días tras clic o 1 día tras visualización",4,9.15492958,11,1007.04225352,,,41,,,,,,2025-01-01,2025-06-11
"publico advantage","Video parejas amor","campaña ventas HotBoat",2025-06-11,"Araucanía Region",2,4,2,CLP,,"7 días tras clic o 1 día tras visualización",,,,,,,,,,,,,2025-01-01,2025-06-11
"publico advantage","Video parejas amor","campaña ventas HotBoat",2025-06-11,"Bío Bío Region",1,1,1,CLP,,"7 días tras clic o 1 día tras visualización",,,,,,,,,,,,,2025-01-01,2025-06-11
"publico advantage","Video parejas amor","campaña ventas HotBoat",2025-06-11,"Los Lagos Region",1,1,1,CLP,1,"7 días tras clic o 1 día tras visualización",,,,1000,,,1,,,,,,2025-01-01,2025-06-11
"publico advantage","Video parejas amor","campaña ventas HotBoat",2025-06-11,"Maule Region",1,1,1,CLP,6,"7 días tras clic o 1 día tras visualización",,,,6000,,,,,,,,,2025-01-01,2025-06-11
"publico advantage","Video parejas amor","campaña ventas HotBoat",2025-06-11,"Santiago Metropolitan Region",3,3,1,CLP,6,"7 días tras clic o 1 día tras visualización",,,,2000,,,2,,,,,,2025-01-01,2025-06-11
"publico advantage","Video parejas amor","campaña ventas HotBoat",2025-06-11,"Valparaíso Region",2,4,2,CLP,10,"7 días tras clic o 1 día tras visualización",,25,10,2500,,,2,,,,,,2025-01-01,2025-06-11
"publico advantage","Video parejas dcto","campaña ventas HotBoat",2025-06-11,"Antofagasta Region",1,1,1,CLP,4,"7 días tras clic o 1 día tras visualización",,,,4000,,,1,,,,,,2025-01-01,2025-06-11
"publico advantage","Video parejas dcto","campaña ventas HotBoat",2025-06-11,"Araucanía Region",3,3,1,CLP,4,"7 días tras clic o 1 día tras visualización",,,,1333.33333333,,,,,,,,,2025-01-01,2025-06-11
"publico advantage","Video parejas dcto","campaña ventas HotBoat",2025-06-11,"Los Lagos Region",1,1,1,CLP,2,"7 días tras clic o 1 día tras visualización",,,,2000,,,,,,,,,2025-01-01,2025-06-11
"publico advantage","Video parejas dcto","campaña ventas HotBoat",2025-06-11,"O'Higgins Region",1,1,1,CLP,1,"7 días tras clic o 1 día tras visualización",,,,1000,,,1,,,,,,2025-01-01,2025-06-11
"publico advantage","Video parejas dcto","campaña ventas HotBoat",2025-06-11,"Santiago Metropolitan Region",3,5,1.66666667,CLP,18,"7 días tras clic o 1 día tras visualización",,,,3600,,,3,,,,,,2025-01-01,2025-06-11
"publico advantage","Video parejas dcto","campaña ventas HotBoat",2025-06-11,"Valparaíso Region",2,2,1,CLP,1,"7 días tras clic o 1 día tras visualización",,,,500,,,1,,,,,,2025-01-01,2025-06-11
"publico concepcion","Video explicando servicio corto","campaña ventas HotBoat",2025-06-11,"Bío Bío Region",1565,1633,1.04345048,CLP,1223,"7 días tras clic, 1 día tras visualización o 1 día tras visualización activa",24,5.26638089,14.22093023,748.92835273,,,665,,,,,,2025-01-01,2025-06-11
"publico concepcion","Video explicando servicio corto - Copia","campaña ventas HotBoat",2025-06-11,"Bío Bío Region",245,264,1.07755102,CLP,416,"7 días tras clic, 1 día tras visualización o 1 día tras visualización activa",3,3.78787879,41.6,1575.75757576,,,115,,,,,,2025-01-01,2025-06-11
"publico pucon 1","Video explicando servicio corto","campaña ventas HotBoat",2025-06-11,"Araucanía Region",1506,1676,1.11288181,CLP,1758,"7 días tras clic, 1 día tras visualización o 1 día tras visualización activa",27,3.46062053,30.31034483,1048.92601432,,,433,,,,,,2025-01-01,2025-06-11
"publico pucon 1","Video explicando servicio corto","campaña ventas HotBoat",2025-06-11,"Los Ríos Region",46,50,1.08695652,CLP,32,"7 días tras clic, 1 día tras visualización o 1 día tras visualización activa",1,4,16,640,,,18,,,,,,2025-01-01,2025-06-11
"publico pucon 1","Video parejas amor","campaña ventas HotBoat",2025-06-11,"Araucanía Region",154,167,1.08441558,CLP,497,"7 días tras clic, 1 día tras visualización o 1 día tras visualización activa",8,5.98802395,49.7,2976.04790419,,,58,,,,,,2025-01-01,2025-06-11
"publico pucon 1","Video parejas amor","campaña ventas HotBoat",2025-06-11,"Los Ríos Region",2,2,1,CLP,5,"7 días tras clic, 1 día tras visualización o 1 día tras visualización activa",,,,2500,,,,,,,,,2025-01-01,2025-06-11
"publico valdivia","Video explicando servicio corto","campaña ventas HotBoat",2025-06-11,"Los Ríos Region",1938,2091,1.07894737,CLP,1559,"7 días tras clic, 1 día tras visualización o 1 día tras visualización activa",31,3.82592061,19.4875,745.57627929,,,740,,,,,,2025-01-01,2025-06-11
"publico valdivia","Video explicando servicio corto - Copia","campaña ventas HotBoat",2025-06-11,"Los Ríos Region",22,22,1,CLP,43,"7 días tras clic, 1 día tras visualización o 1 día tras visualización activa",,4.54545455,43,1954.54545455,,,8,,,,,,2025-01-01,2025-06-11
"Test Publicos : Temuco","Video explicando servicio corto","campaña ventas HotBoat",2025-06-10,"Araucanía Region",689,724,1.05079826,CLP,648,"7 días tras clic, 1 día tras visualización o 1 día tras visualización activa",11,3.86740331,23.14285714,895.02762431,,,212,,,,,,2025-01-01,2025-06-11
"Test Publicos : Temuco","Video explicando servicio corto","campaña ventas HotBoat",2025-06-10,"Los Ríos Region",29,36,1.24137931,CLP,47,"7 días tras clic, 1 día tras visualización o 1 día tras visualización activa",,5.55555556,23.5,1305.55555556,,,13,,,,,,2025-01-01,2025-06-11
"Test Publicos : Temuco","Video explicando servicio corto - Copia","campaña ventas HotBoat",2025-06-10,"Araucanía Region",4,4,1,CLP,3,"7 días tras clic, 1 día tras visualización o 1 día tras visualización activa",,,,750,,,1,,,,,,2025-01-01,2025-06-11
"Test Publicos : Temuco","Video parejas amor","campaña ventas HotBoat",2025-06-10,"Araucanía Region",729,868,1.19067215,CLP,1103,"7 días tras clic, 1 día tras visualización o 1 día tras visualización activa",3,0.80645161,157.57142857,1270.73732719,,,227,,,,,,2025-01-01,2025-06-11
"Test Publicos : Temuco","Video parejas amor","campaña ventas HotBoat",2025-06-10,"Los Ríos Region",19,21,1.10526316,CLP,16,"7 días tras clic, 1 día tras visualización o 1 día tras visualización activa",,4.76190476,16,761.9047619,,,6,,,,,,2025-01-01,2025-06-11
"publico advantage","Video explicando servicio corto","campaña ventas HotBoat",2025-06-10,"Antofagasta Region",112,120,1.07142857,CLP,73,"7 días tras clic o 1 día tras visualización",3,4.16666667,14.6,608.33333333,,,33,,,,,,2025-01-01,2025-06-11
"publico advantage","Video explicando servicio corto","campaña ventas HotBoat",2025-06-10,"Araucanía Region",191,200,1.04712042,CLP,151,"7 días tras clic o 1 día tras visualización",4,6.5,11.61538462,755,,,59,,,,,,2025-01-01,2025-06-11
"publico advantage","Video explicando servicio corto","campaña ventas HotBoat",2025-06-10,"Arica y Parinacota Region",29,30,1.03448276,CLP,25,"7 días tras clic o 1 día tras visualización",,6.66666667,12.5,833.33333333,,,12,,,,,,2025-01-01,2025-06-11
"publico advantage","Video explicando servicio corto","campaña ventas HotBoat",2025-06-10,"Atacama Region",35,37,1.05714286,CLP,18,"7 días tras clic o 1 día tras visualización",1,8.10810811,6,486.48648649,,,15,,,,,,2025-01-01,2025-06-11
"publico advantage","Video explicando servicio corto","campaña ventas HotBoat",2025-06-10,"Aysén Region",11,11,1,CLP,2,"7 días tras clic o 1 día tras visualización",,9.09090909,2,181.81818182,,,3,,,,,,2025-01-01,2025-06-11
"publico advantage","Video explicando servicio corto","campaña ventas HotBoat",2025-06-10,"Bío Bío Region",227,247,1.08810573,CLP,187,"7 días tras clic o 1 día tras visualización",5,4.4534413,17,757.08502024,,,88,,,,,,2025-01-01,2025-06-11
"publico advantage","Video explicando servicio corto","campaña ventas HotBoat",2025-06-10,"Coquimbo Region",102,112,1.09803922,CLP,93,"7 días tras clic o 1 día tras visualización",3,5.35714286,15.5,830.35714286,,,45,,,,,,2025-01-01,2025-06-11
"publico advantage","Video explicando servicio corto","campaña ventas HotBoat",2025-06-10,"Los Lagos Region",236,258,1.09322034,CLP,129,"7 días tras clic o 1 día tras visualización",4,4.65116279,10.75,500,,,81,,,,,,2025-01-01,2025-06-11
"publico advantage","Video explicando servicio corto","campaña ventas HotBoat",2025-06-10,"Los Ríos Region",74,77,1.04054054,CLP,46,"7 días tras clic o 1 día tras visualización",3,5.19480519,11.5,597.4025974,,,20,,,,,,2025-01-01,2025-06-11
"publico advantage","Video explicando servicio corto","campaña ventas HotBoat",2025-06-10,"Magallanes y la Antártica Chilena Region",58,61,1.05172414,CLP,32,"7 días tras clic o 1 día tras visualización",1,4.91803279,10.66666667,524.59016393,,,17,,,,,,2025-01-01,2025-06-11
"publico advantage","Video explicando servicio corto","campaña ventas HotBoat",2025-06-10,"Maule Region",155,183,1.18064516,CLP,138,"7 días tras clic o 1 día tras visualización",4,4.3715847,17.25,754.09836066,,,53,,,,,,2025-01-01,2025-06-11
"publico advantage","Video explicando servicio corto","campaña ventas HotBoat",2025-06-10,"O'Higgins Region",116,122,1.05172414,CLP,109,"7 días tras clic o 1 día tras visualización",3,4.09836066,21.8,893.44262295,,,39,,,,,,2025-01-01,2025-06-11
"publico advantage","Video explicando servicio corto","campaña ventas HotBoat",2025-06-10,"Santiago Metropolitan Region",709,766,1.08039492,CLP,792,"7 días tras clic o 1 día tras visualización",5,2.61096606,39.6,1033.94255875,,,259,,,,,,2025-01-01,2025-06-11
"publico advantage","Video explicando servicio corto","campaña ventas HotBoat",2025-06-10,"Tarapacá Region",33,35,1.06060606,CLP,31,"7 días tras clic o 1 día tras visualización",1,11.42857143,7.75,885.71428571,,,14,,,,,,2025-01-01,2025-06-11
"publico advantage","Video explicando servicio corto","campaña ventas HotBoat",2025-06-10,Unknown,1,1,1,CLP,,"7 días tras clic o 1 día tras visualización",,,,,,,,,,,,,2025-01-01,2025-06-11
"publico advantage","Video explicando servicio corto","campaña ventas HotBoat",2025-06-10,"Valparaíso Region",229,238,1.03930131,CLP,191,"7 días tras clic o 1 día tras visualización",2,4.20168067,19.1,802.5210084,,,107,,,,,,2025-01-01,2025-06-11
"publico advantage","Video parejas amor","campaña ventas HotBoat",2025-06-10,"Araucanía Region",3,4,1.33333333,CLP,8,"7 días tras clic o 1 día tras visualización",,,,2000,,,2,,,,,,2025-01-01,2025-06-11
"publico advantage","Video parejas amor","campaña ventas HotBoat",2025-06-10,"Atacama Region",1,1,1,CLP,1,"7 días tras clic o 1 día tras visualización",,,,1000,,,,,,,,,2025-01-01,2025-06-11
"publico advantage","Video parejas amor","campaña ventas HotBoat",2025-06-10,"Bío Bío Region",2,2,1,CLP,1,"7 días tras clic o 1 día tras visualización",,,,500,,,1,,,,,,2025-01-01,2025-06-11
"publico advantage","Video parejas amor","campaña ventas HotBoat",2025-06-10,"Los Lagos Region",3,4,1.33333333,CLP,2,"7 días tras clic o 1 día tras visualización",,,,500,,,1,,,,,,2025-01-01,2025-06-11
"publico advantage","Video parejas amor","campaña ventas HotBoat",2025-06-10,"Los Ríos Region",2,2,1,CLP,2,"7 días tras clic o 1 día tras visualización",,,,1000,,,1,,,,,,2025-01-01,2025-06-11
"publico advantage","Video parejas amor","campaña ventas HotBoat",2025-06-10,"Maule Region",2,2,1,CLP,6,"7 días tras clic o 1 día tras visualización",,,,3000,,,1,,,,,,2025-01-01,2025-06-11
"publico advantage","Video parejas amor","campaña ventas HotBoat",2025-06-10,"O'Higgins Region",2,2,1,CLP,2,"7 días tras clic o 1 día tras visualización",,,,1000,,,,,,,,,2025-01-01,2025-06-11
"publico advantage","Video parejas amor","campaña ventas HotBoat",2025-06-10,"Santiago Metropolitan Region",12,12,1,CLP,23,"7 días tras clic o 1 día tras visualización",,8.33333333,23,1916.66666667,,,6,,,,,,2025-01-01,2025-06-11
"publico advantage","Video parejas amor","campaña ventas HotBoat",2025-06-10,"Valparaíso Region",2,2,1,CLP,3,"7 días tras clic o 1 día tras visualización",,,,1500,,,,,,,,,2025-01-01,2025-06-11
"publico advantage","Video parejas dcto","campaña ventas HotBoat",2025-06-10,"Antofagasta Region",5,5,1,CLP,9,"7 días tras clic o 1 día tras visualización",,20,9,1800,,,3,,,,,,2025-01-01,2025-06-11
"publico advantage","Video parejas dcto","campaña ventas HotBoat",2025-06-10,"Araucanía Region",20,23,1.15,CLP,22,"7 días tras clic o 1 día tras visualización",,8.69565217,11,956.52173913,,,9,,,,,,2025-01-01,2025-06-11
"publico advantage","Video parejas dcto","campaña ventas HotBoat",2025-06-10,"Arica y Parinacota Region",1,1,1,CLP,1,"7 días tras clic o 1 día tras visualización",,,,1000,,,,,,,,,2025-01-01,2025-06-11
"publico advantage","Video parejas dcto","campaña ventas HotBoat",2025-06-10,"Aysén Region",1,1,1,CLP,1,"7 días tras clic o 1 día tras visualización",,,,1000,,,,,,,,,2025-01-01,2025-06-11
"publico advantage","Video parejas dcto","campaña ventas HotBoat",2025-06-10,"Bío Bío Region",16,16,1,CLP,7,"7 días tras clic o 1 día tras visualización",1,12.5,3.5,437.5,,,4,,,,,,2025-01-01,2025-06-11
"publico advantage","Video parejas dcto","campaña ventas HotBoat",2025-06-10,"Coquimbo Region",3,3,1,CLP,2,"7 días tras clic o 1 día tras visualización",,,,666.66666667,,,1,,,,,,2025-01-01,2025-06-11
"publico advantage","Video parejas dcto","campaña ventas HotBoat",2025-06-10,"Los Lagos Region",29,34,1.17241379,CLP,43,"7 días tras clic o 1 día tras visualización",1,2.94117647,43,1264.70588235,,,11,,,,,,2025-01-01,2025-06-11
"publico advantage","Video parejas dcto","campaña ventas HotBoat",2025-06-10,"Los Ríos Region",8,9,1.125,CLP,15,"7 días tras clic o 1 día tras visualización",,,,1666.66666667,,,2,,,,,,2025-01-01,2025-06-11
"publico advantage","Video parejas dcto","campaña ventas HotBoat",2025-06-10,"Magallanes y la Antártica Chilena Region",5,7,1.4,CLP,4,"7 días tras clic o 1 día tras visualización",,,,571.42857143,,,2,,,,,,2025-01-01,2025-06-11
"publico advantage","Video parejas dcto","campaña ventas HotBoat",2025-06-10,"Maule Region",6,6,1,CLP,13,"7 días tras clic o 1 día tras visualización",,,,2166.66666667,,,2,,,,,,2025-01-01,2025-06-11
"publico advantage","Video parejas dcto","campaña ventas HotBoat",2025-06-10,"O'Higgins Region",6,7,1.16666667,CLP,5,"7 días tras clic o 1 día tras visualización",,,,714.28571429,,,3,,,,,,2025-01-01,2025-06-11
"publico advantage","Video parejas dcto","campaña ventas HotBoat",2025-06-10,"Santiago Metropolitan Region",32,33,1.03125,CLP,56,"7 días tras clic o 1 día tras visualización",,,,1696.96969697,,,15,,,,,,2025-01-01,2025-06-11
"publico advantage","Video parejas dcto","campaña ventas HotBoat",2025-06-10,"Tarapacá Region",2,2,1,CLP,2,"7 días tras clic o 1 día tras visualización",,,,1000,,,,,,,,,2025-01-01,2025-06-11
"publico advantage","Video parejas dcto","campaña ventas HotBoat",2025-06-10,"Valparaíso Region",8,8,1,CLP,5,"7 días tras clic o 1 día tras visualización",,,,625,,,2,,,,,,2025-01-01,2025-06-11
"publico concepcion","Video explicando servicio corto","campaña ventas HotBoat",2025-06-10,"Bío Bío Region",1100,1159,1.05363636,CLP,886,"7 días tras clic, 1 día tras visualización o 1 día tras visualización activa",13,3.45125108,22.15,764.45211389,,,399,,,,,,2025-01-01,2025-06-11
"publico concepcion","Video explicando servicio corto - Copia","campaña ventas HotBoat",2025-06-10,"Bío Bío Region",606,674,1.11221122,CLP,1058,"7 días tras clic, 1 día tras visualización o 1 día tras visualización activa",10,2.96735905,52.9,1569.73293769,,,268,,,,,,2025-01-01,2025-06-11
"publico concepcion","Video parejas amor","campaña ventas HotBoat",2025-06-10,"Bío Bío Region",18,18,1,CLP,16,"7 días tras clic, 1 día tras visualización o 1 día tras visualización activa",1,5.55555556,16,888.88888889,,,3,,,,,,2025-01-01,2025-06-11
"publico pucon 1","Video explicando servicio corto","campaña ventas HotBoat",2025-06-10,"Araucanía Region",27,28,1.03703704,CLP,31,"7 días tras clic, 1 día tras visualización o 1 día tras visualización activa",,3.57142857,31,1107.14285714,,,5,,,,,,2025-01-01,2025-06-11
"publico pucon 1","Video explicando servicio corto - Copia","campaña ventas HotBoat",2025-06-10,"Araucanía Region",845,1008,1.19289941,CLP,1428,"7 días tras clic, 1 día tras visualización o 1 día tras visualización activa",8,2.48015873,57.12,1416.66666667,,,341,,,,,,2025-01-01,2025-06-11
"publico pucon 1","Video explicando servicio corto - Copia","campaña ventas HotBoat",2025-06-10,"Los Ríos Region",24,38,1.58333333,CLP,34,"7 días tras clic, 1 día tras visualización o 1 día tras visualización activa",,2.63157895,34,894.73684211,,,10,,,,,,2025-01-01,2025-06-11
"publico pucon 1","Video explicando servicio corto - Copia","campaña ventas HotBoat",2025-06-10,Unknown,1,1,1,CLP,,"7 días tras clic, 1 día tras visualización o 1 día tras visualización activa",,,,,,,1,,,,,,2025-01-01,2025-06-11
"publico pucon 1","Video parejas amor","campaña ventas HotBoat",2025-06-10,"Araucanía Region",625,705,1.128,CLP,1015,"7 días tras clic, 1 día tras visualización o 1 día tras visualización activa",12,3.26241135,44.13043478,1439.71631206,,,246,,,,,,2025-01-01,2025-06-11
"publico pucon 1","Video parejas amor","campaña ventas HotBoat",2025-06-10,"Los Ríos Region",14,16,1.14285714,CLP,12,"7 días tras clic, 1 día tras visualización o 1 día tras visualización activa",,,,750,,,4,,,,,,2025-01-01,2025-06-11
"publico valdivia","Video explicando servicio corto","campaña ventas HotBoat",2025-06-10,"Los Ríos Region",1910,2105,1.10209424,CLP,1930,"7 días tras clic, 1 día tras visualización o 1 día tras visualización activa",37,4.41805226,20.75268817,916.86460808,,,750,,,,,,2025-01-01,2025-06-11
"publico valdivia","Video explicando servicio corto - Copia","campaña ventas HotBoat",2025-06-10,"Los Ríos Region",8,8,1,CLP,9,"7 días tras clic, 1 día tras visualización o 1 día tras visualización activa",,,,1125,,,4,,,,,,2025-01-01,2025-06-11
"publico valdivia","Video parejas amor","campaña ventas HotBoat",2025-06-10,"Los Ríos Region",4,4,1,CLP,5,"7 días tras clic, 1 día tras visualización o 1 día tras visualización activa",,,,1250,,,3,,,,,,2025-01-01,2025-06-11
"Test Publicos : Temuco","Video explicando servicio corto","campaña ventas HotBoat",2025-06-09,"Araucanía Region",1148,1250,1.08885017,CLP,1445,"7 días tras clic, 1 día tras visualización o 1 día tras visualización activa",20,3.76,30.74468085,1156,,,378,,,,,,2025-01-01,2025-06-11
"Test Publicos : Temuco","Video explicando servicio corto","campaña ventas HotBoat",2025-06-09,"Los Ríos Region",48,51,1.0625,CLP,38,"7 días tras clic, 1 día tras visualización o 1 día tras visualización activa",3,9.80392157,7.6,745.09803922,,,19,,,,,,2025-01-01,2025-06-11
"Test Publicos : Temuco","Video explicando servicio corto - Copia","campaña ventas HotBoat",2025-06-09,"Araucanía Region",6,6,1,CLP,6,"7 días tras clic, 1 día tras visualización o 1 día tras visualización activa",,,,1000,,,4,,,,,,2025-01-01,2025-06-11
"Test Publicos : Temuco","Video parejas amor","campaña ventas HotBoat",2025-06-09,"Araucanía Region",79,98,1.24050633,CLP,330,"7 días tras clic, 1 día tras visualización o 1 día tras visualización activa",6,6.12244898,55,3367.34693878,,,37,,,,,,2025-01-01,2025-06-11
"Test Publicos : Temuco","Video parejas amor","campaña ventas HotBoat",2025-06-09,"Los Ríos Region",2,2,1,CLP,39,"7 días tras clic, 1 día tras visualización o 1 día tras visualización activa",,,,19500,,,1,,,,,,2025-01-01,2025-06-11
"publico advantage","Video explicando servicio corto","campaña ventas HotBoat",2025-06-09,"Antofagasta Region",87,90,1.03448276,CLP,82,"7 días tras clic o 1 día tras visualización",,6.66666667,13.66666667,911.11111111,,,27,,,,,,2025-01-01,2025-06-11
"publico advantage","Video explicando servicio corto","campaña ventas HotBoat",2025-06-09,"Araucanía Region",114,121,1.06140351,CLP,84,"7 días tras clic o 1 día tras visualización",5,10.74380165,6.46153846,694.21487603,,,50,,,,,,2025-01-01,2025-06-11
"publico advantage","Video explicando servicio corto","campaña ventas HotBoat",2025-06-09,"Arica y Parinacota Region",19,19,1,CLP,43,"7 días tras clic o 1 día tras visualización",,,,2263.15789474,,,5,,,,,,2025-01-01,2025-06-11
"publico advantage","Video explicando servicio corto","campaña ventas HotBoat",2025-06-09,"Atacama Region",24,25,1.04166667,CLP,21,"7 días tras clic o 1 día tras visualización",,4,21,840,,,12,,,,,,2025-01-01,2025-06-11
"publico advantage","Video explicando servicio corto","campaña ventas HotBoat",2025-06-09,"Aysén Region",6,6,1,CLP,3,"7 días tras clic o 1 día tras visualización",,,,500,,,4,,,,,,2025-01-01,2025-06-11
"publico advantage","Video explicando servicio corto","campaña ventas HotBoat",2025-06-09,"Bío Bío Region",127,132,1.03937008,CLP,116,"7 días tras clic o 1 día tras visualización",5,7.57575758,11.6,878.78787879,,,56,,,,,,2025-01-01,2025-06-11
"publico advantage","Video explicando servicio corto","campaña ventas HotBoat",2025-06-09,"Coquimbo Region",58,64,1.10344828,CLP,64,"7 días tras clic o 1 día tras visualización",1,9.375,10.66666667,1000,,,21,,,,,,2025-01-01,2025-06-11
"publico advantage","Video explicando servicio corto","campaña ventas HotBoat",2025-06-09,"Los Lagos Region",145,150,1.03448276,CLP,113,"7 días tras clic o 1 día tras visualización",2,5.33333333,14.125,753.33333333,,,51,,,,,,2025-01-01,2025-06-11
"publico advantage","Video explicando servicio corto","campaña ventas HotBoat",2025-06-09,"Los Ríos Region",28,29,1.03571429,CLP,18,"7 días tras clic o 1 día tras visualización",,6.89655172,9,620.68965517,,,9,,,,,,2025-01-01,2025-06-11
"publico advantage","Video explicando servicio corto","campaña ventas HotBoat",2025-06-09,"Magallanes y la Antártica Chilena Region",19,19,1,CLP,16,"7 días tras clic o 1 día tras visualización",2,15.78947368,5.33333333,842.10526316,,,4,,,,,,2025-01-01,2025-06-11
"publico advantage","Video explicando servicio corto","campaña ventas HotBoat",2025-06-09,"Maule Region",106,112,1.05660377,CLP,111,"7 días tras clic o 1 día tras visualización",,3.57142857,27.75,991.07142857,,,44,,,,,,2025-01-01,2025-06-11
"publico advantage","Video explicando servicio corto","campaña ventas HotBoat",2025-06-09,"O'Higgins Region",79,83,1.05063291,CLP,71,"7 días tras clic o 1 día tras visualización",,7.22891566,11.83333333,855.42168675,,,30,,,,,,2025-01-01,2025-06-11
"publico advantage","Video explicando servicio corto","campaña ventas HotBoat",2025-06-09,"Santiago Metropolitan Region",560,594,1.06071429,CLP,602,"7 días tras clic o 1 día tras visualización",13,4.71380471,21.5,1013.46801347,,,207,,,,,,2025-01-01,2025-06-11
"publico advantage","Video explicando servicio corto","campaña ventas HotBoat",2025-06-09,"Tarapacá Region",17,19,1.11764706,CLP,14,"7 días tras clic o 1 día tras visualización",,5.26315789,14,736.84210526,,,8,,,,,,2025-01-01,2025-06-11
"publico advantage","Video explicando servicio corto","campaña ventas HotBoat",2025-06-09,"Valparaíso Region",173,185,1.06936416,CLP,170,"7 días tras clic o 1 día tras visualización",3,7.02702703,13.07692308,918.91891892,,,64,,,,,,2025-01-01,2025-06-11
"publico advantage","Video parejas amor","campaña ventas HotBoat",2025-06-09,"Antofagasta Region",2,2,1,CLP,2,"7 días tras clic o 1 día tras visualización",,,,1000,,,,,,,,,2025-01-01,2025-06-11
"publico advantage","Video parejas amor","campaña ventas HotBoat",2025-06-09,"Araucanía Region",12,12,1,CLP,11,"7 días tras clic o 1 día tras visualización",,,,916.66666667,,,4,,,,,,2025-01-01,2025-06-11
"publico advantage","Video parejas amor","campaña ventas HotBoat",2025-06-09,"Bío Bío Region",4,4,1,CLP,2,"7 días tras clic o 1 día tras visualización",,,,500,,,1,,,,,,2025-01-01,2025-06-11
"publico advantage","Video parejas amor","campaña ventas HotBoat",2025-06-09,"Coquimbo Region",1,1,1,CLP,2,"7 días tras clic o 1 día tras visualización",,,,2000,,,,,,,,,2025-01-01,2025-06-11
"publico advantage","Video parejas amor","campaña ventas HotBoat",2025-06-09,"Los Lagos Region",11,12,1.09090909,CLP,14,"7 días tras clic o 1 día tras visualización",,,,1166.66666667,,,1,,,,,,2025-01-01,2025-06-11
"publico advantage","Video parejas amor","campaña ventas HotBoat",2025-06-09,"Los Ríos Region",4,4,1,CLP,12,"7 días tras clic o 1 día tras visualización",,,,3000,,,1,,,,,,2025-01-01,2025-06-11
"publico advantage","Video parejas amor","campaña ventas HotBoat",2025-06-09,"Magallanes y la Antártica Chilena Region",1,1,1,CLP,,"7 días tras clic o 1 día tras visualización",,,,,,,,,,,,,2025-01-01,2025-06-11
"publico advantage","Video parejas amor","campaña ventas HotBoat",2025-06-09,"Maule Region",4,4,1,CLP,5,"7 días tras clic o 1 día tras visualización",,,,1250,,,2,,,,,,2025-01-01,2025-06-11
"publico advantage","Video parejas amor","campaña ventas HotBoat",2025-06-09,"O'Higgins Region",3,3,1,CLP,2,"7 días tras clic o 1 día tras visualización",,,,666.66666667,,,,,,,,,2025-01-01,2025-06-11
"publico advantage","Video parejas amor","campaña ventas HotBoat",2025-06-09,"Santiago Metropolitan Region",7,8,1.14285714,CLP,7,"7 días tras clic o 1 día tras visualización",,,,875,,,4,,,,,,2025-01-01,2025-06-11
"publico advantage","Video parejas amor","campaña ventas HotBoat",2025-06-09,"Valparaíso Region",4,4,1,CLP,4,"7 días tras clic o 1 día tras visualización",,,,1000,,,2,,,,,,2025-01-01,2025-06-11
"publico advantage","Video parejas dcto","campaña ventas HotBoat",2025-06-09,"Araucanía Region",2,2,1,CLP,,"7 días tras clic o 1 día tras visualización",,,,,,,1,,,,,,2025-01-01,2025-06-11
"publico advantage","Video parejas dcto","campaña ventas HotBoat",2025-06-09,"Bío Bío Region",1,1,1,CLP,,"7 días tras clic o 1 día tras visualización",,,,,,,,,,,,,2025-01-01,2025-06-11
"publico advantage","Video parejas dcto","campaña ventas HotBoat",2025-06-09,"Los Lagos Region",2,2,1,CLP,1,"7 días tras clic o 1 día tras visualización",2,100,0.5,500,,,1,,,,,,2025-01-01,2025-06-11
"publico advantage","Video parejas dcto","campaña ventas HotBoat",2025-06-09,"Santiago Metropolitan Region",2,2,1,CLP,4,"7 días tras clic o 1 día tras visualización",,,,2000,,,,,,,,,2025-01-01,2025-06-11
"publico advantage","Video parejas dcto","campaña ventas HotBoat",2025-06-09,"Valparaíso Region",1,1,1,CLP,11,"7 días tras clic o 1 día tras visualización",,,,11000,,,,,,,,,2025-01-01,2025-06-11
"publico concepcion","Video explicando servicio corto","campaña ventas HotBoat",2025-06-09,"Bío Bío Region",737,763,1.03527815,CLP,538,"7 días tras clic, 1 día tras visualización o 1 día tras visualización activa",14,4.71821756,14.94444444,705.11140236,,,298,,,,,,2025-01-01,2025-06-11
"publico concepcion","Video explicando servicio corto - Copia","campaña ventas HotBoat",2025-06-09,"Bío Bío Region",689,745,1.08127721,CLP,1109,"7 días tras clic, 1 día tras visualización o 1 día tras visualización activa",15,4.4295302,33.60606061,1488.59060403,,,342,,,,,,2025-01-01,2025-06-11
"publico concepcion","Video parejas amor","campaña ventas HotBoat",2025-06-09,"Bío Bío Region",66,68,1.03030303,CLP,121,"7 días tras clic, 1 día tras visualización o 1 día tras visualización activa",1,1.47058824,121,1779.41176471,,,24,,,,,,2025-01-01,2025-06-11
"publico pucon 1","Video explicando servicio corto","campaña ventas HotBoat",2025-06-09,"Araucanía Region",57,57,1,CLP,36,"7 días tras clic, 1 día tras visualización o 1 día tras visualización activa",1,3.50877193,18,631.57894737,,,15,,,,,,2025-01-01,2025-06-11
"publico pucon 1","Video explicando servicio corto","campaña ventas HotBoat",2025-06-09,"Los Ríos Region",1,1,1,CLP,,"7 días tras clic, 1 día tras visualización o 1 día tras visualización activa",,,,,,,,,,,,,2025-01-01,2025-06-11
"publico pucon 1","Video explicando servicio corto - Copia","campaña ventas HotBoat",2025-06-09,"Araucanía Region",649,717,1.10477658,CLP,1234,"7 días tras clic, 1 día tras visualización o 1 día tras visualización activa",8,2.23152022,77.125,1721.05997211,,,276,,,,,,2025-01-01,2025-06-11
"publico pucon 1","Video explicando servicio corto - Copia","campaña ventas HotBoat",2025-06-09,"Los Ríos Region",17,18,1.05882353,CLP,13,"7 días tras clic, 1 día tras visualización o 1 día tras visualización activa",,,,722.22222222,,,6,,,,,,2025-01-01,2025-06-11
"publico pucon 1","Video parejas amor","campaña ventas HotBoat",2025-06-09,"Araucanía Region",648,766,1.18209877,CLP,1462,"7 días tras clic, 1 día tras visualización o 1 día tras visualización activa",12,2.74151436,69.61904762,1908.61618799,,,266,,,,,,2025-01-01,2025-06-11
"publico pucon 1","Video parejas amor","campaña ventas HotBoat",2025-06-09,"Los Ríos Region",12,12,1,CLP,56,"7 días tras clic, 1 día tras visualización o 1 día tras visualización activa",,,,4666.66666667,,,4,,,,,,2025-01-01,2025-06-11
"publico valdivia","Video explicando servicio corto","campaña ventas HotBoat",2025-06-09,"Los Ríos Region",1090,1136,1.04220183,CLP,921,"7 días tras clic, 1 día tras visualización o 1 día tras visualización activa",25,5.1056338,15.87931034,810.73943662,,,419,,,,,,2025-01-01,2025-06-11
"publico valdivia","Video explicando servicio corto - Copia","campaña ventas HotBoat",2025-06-09,"Los Ríos Region",4,4,1,CLP,4,"7 días tras clic, 1 día tras visualización o 1 día tras visualización activa",,,,1000,,,2,,,,,,2025-01-01,2025-06-11
"publico valdivia","Video parejas amor","campaña ventas HotBoat",2025-06-09,"Los Ríos Region",216,225,1.04166667,CLP,326,"7 días tras clic, 1 día tras visualización o 1 día tras visualización activa",1,1.33333333,108.66666667,1448.88888889,,,91,,,,,,2025-01-01,2025-06-11
"Test Publicos : Temuco","Video explicando servicio corto","campaña ventas HotBoat",2025-06-08,"Araucanía Region",1385,1477,1.06642599,CLP,1187,"7 días tras clic, 1 día tras visualización o 1 día tras visualización activa",11,2.23425863,35.96969697,803.65605958,,,419,,,,,,2025-01-01,2025-06-11
"Test Publicos : Temuco","Video explicando servicio corto","campaña ventas HotBoat",2025-06-08,"Los Ríos Region",32,34,1.0625,CLP,21,"7 días tras clic, 1 día tras visualización o 1 día tras visualización activa",1,8.82352941,7,617.64705882,,,13,,,,,,2025-01-01,2025-06-11
"Test Publicos : Temuco","Video explicando servicio corto - Copia","campaña ventas HotBoat",2025-06-08,"Araucanía Region",379,417,1.10026385,CLP,906,"7 días tras clic, 1 día tras visualización o 1 día tras visualización activa",7,2.87769784,75.5,2172.6618705,,,158,,,,,,2025-01-01,2025-06-11
"Test Publicos : Temuco","Video explicando servicio corto - Copia","campaña ventas HotBoat",2025-06-08,"Los Ríos Region",4,4,1,CLP,3,"7 días tras clic, 1 día tras visualización o 1 día tras visualización activa",,,,750,,,1,,,,,,2025-01-01,2025-06-11
"publico advantage","Video explicando servicio corto","campaña ventas HotBoat",2025-06-08,"Antofagasta Region",134,140,1.04477612,CLP,101,"7 días tras clic o 1 día tras visualización",1,4.28571429,16.83333333,721.42857143,,,50,,,,,,2025-01-01,2025-06-11
"publico advantage","Video explicando servicio corto","campaña ventas HotBoat",2025-06-08,"Araucanía Region",185,190,1.02702703,CLP,145,"7 días tras clic o 1 día tras visualización",5,6.31578947,12.08333333,763.15789474,,,64,,,,,,2025-01-01,2025-06-11
"publico advantage","Video explicando servicio corto","campaña ventas HotBoat",2025-06-08,"Arica y Parinacota Region",20,21,1.05,CLP,9,"7 días tras clic o 1 día tras visualización",,,,428.57142857,,,10,,,,,,2025-01-01,2025-06-11
"publico advantage","Video explicando servicio corto","campaña ventas HotBoat",2025-06-08,"Atacama Region",29,31,1.06896552,CLP,21,"7 días tras clic o 1 día tras visualización",,3.22580645,21,677.41935484,,,14,,,,,,2025-01-01,2025-06-11
"publico advantage","Video explicando servicio corto","campaña ventas HotBoat",2025-06-08,"Aysén Region",9,9,1,CLP,3,"7 días tras clic o 1 día tras visualización",,,,333.33333333,,,1,,,,,,2025-01-01,2025-06-11
"publico advantage","Video explicando servicio corto","campaña ventas HotBoat",2025-06-08,"Bío Bío Region",235,248,1.05531915,CLP,206,"7 días tras clic o 1 día tras visualización",7,5.64516129,14.71428571,830.64516129,,,92,,,,,,2025-01-01,2025-06-11
"publico advantage","Video explicando servicio corto","campaña ventas HotBoat",2025-06-08,"Coquimbo Region",80,87,1.0875,CLP,63,"7 días tras clic o 1 día tras visualización",1,3.44827586,21,724.13793103,,,30,,,,,,2025-01-01,2025-06-11
"publico advantage","Video explicando servicio corto","campaña ventas HotBoat",2025-06-08,"Los Lagos Region",277,288,1.03971119,CLP,211,"7 días tras clic o 1 día tras visualización",6,6.25,11.72222222,732.63888889,,,104,,,,,,2025-01-01,2025-06-11
"publico advantage","Video explicando servicio corto","campaña ventas HotBoat",2025-06-08,"Los Ríos Region",80,87,1.0875,CLP,53,"7 días tras clic o 1 día tras visualización",1,3.44827586,17.66666667,609.1954023,,,31,,,,,,2025-01-01,2025-06-11
"publico advantage","Video explicando servicio corto","campaña ventas HotBoat",2025-06-08,"Magallanes y la Antártica Chilena Region",21,22,1.04761905,CLP,17,"7 días tras clic o 1 día tras visualización",,9.09090909,8.5,772.72727273,,,4,,,,,,2025-01-01,2025-06-11
"publico advantage","Video explicando servicio corto","campaña ventas HotBoat",2025-06-08,"Maule Region",178,187,1.0505618,CLP,128,"7 días tras clic o 1 día tras visualización",7,7.48663102,9.14285714,684.49197861,,,82,,,,,,2025-01-01,2025-06-11
"publico advantage","Video explicando servicio corto","campaña ventas HotBoat",2025-06-08,"O'Higgins Region",150,158,1.05333333,CLP,118,"7 días tras clic o 1 día tras visualización",,3.79746835,19.66666667,746.83544304,,,65,,,,,,2025-01-01,2025-06-11
"publico advantage","Video explicando servicio corto","campaña ventas HotBoat",2025-06-08,"Santiago Metropolitan Region",782,831,1.06265985,CLP,851,"7 días tras clic o 1 día tras visualización",19,7.70156438,13.296875,1024.06738869,,,300,,,,,,2025-01-01,2025-06-11
"publico advantage","Video explicando servicio corto","campaña ventas HotBoat",2025-06-08,"Tarapacá Region",26,26,1,CLP,14,"7 días tras clic o 1 día tras visualización",,,,538.46153846,,,11,,,,,,2025-01-01,2025-06-11
"publico advantage","Video explicando servicio corto","campaña ventas HotBoat",2025-06-08,"Valparaíso Region",264,272,1.03030303,CLP,180,"7 días tras clic o 1 día tras visualización",11,5.14705882,12.85714286,661.76470588,,,87,,,,,,2025-01-01,2025-06-11
"publico advantage","Video parejas amor","campaña ventas HotBoat",2025-06-08,"Santiago Metropolitan Region",1,1,1,CLP,4,"7 días tras clic o 1 día tras visualización",,100,4,4000,,,1,,,,,,2025-01-01,2025-06-11
"publico advantage","Video parejas amor","campaña ventas HotBoat",2025-06-08,"Valparaíso Region",1,1,1,CLP,,"7 días tras clic o 1 día tras visualización",,,,,,,,,,,,,2025-01-01,2025-06-11
"publico advantage","Video parejas dcto","campaña ventas HotBoat",2025-06-08,"Coquimbo Region",1,1,1,CLP,,"7 días tras clic o 1 día tras visualización",,,,,,,1,,,,,,2025-01-01,2025-06-11
"publico advantage","Video parejas dcto","campaña ventas HotBoat",2025-06-08,"Los Lagos Region",2,2,1,CLP,1,"7 días tras clic o 1 día tras visualización",,,,500,,,1,,,,,,2025-01-01,2025-06-11
"publico concepcion","Video explicando servicio corto","campaña ventas HotBoat",2025-06-08,"Bío Bío Region",2698,2872,1.06449222,CLP,2156,"7 días tras clic, 1 día tras visualización o 1 día tras visualización activa",61,5.08356546,14.76712329,750.69637883,,,1069,,,,,,2025-01-01,2025-06-11
"publico concepcion","Video parejas amor","campaña ventas HotBoat",2025-06-08,"Bío Bío Region",4,4,1,CLP,2,"7 días tras clic, 1 día tras visualización o 1 día tras visualización activa",,,,500,,,2,,,,,,2025-01-01,2025-06-11
"publico pucon 1","Video explicando servicio corto","campaña ventas HotBoat",2025-06-08,"Araucanía Region",1103,1185,1.0743427,CLP,1049,"7 días tras clic, 1 día tras visualización o 1 día tras visualización activa",15,2.86919831,30.85294118,885.23206751,,,302,,,,,,2025-01-01,2025-06-11
"publico pucon 1","Video explicando servicio corto","campaña ventas HotBoat",2025-06-08,"Los Ríos Region",34,35,1.02941176,CLP,24,"7 días tras clic, 1 día tras visualización o 1 día tras visualización activa",1,2.85714286,24,685.71428571,,,13,,,,,,2025-01-01,2025-06-11
"publico pucon 1","Video parejas amor","campaña ventas HotBoat",2025-06-08,"Araucanía Region",746,815,1.0924933,CLP,1200,"7 días tras clic, 1 día tras visualización o 1 día tras visualización activa",4,1.71779141,85.71428571,1472.39263804,,,318,,,,,,2025-01-01,2025-06-11
"publico pucon 1","Video parejas amor","campaña ventas HotBoat",2025-06-08,"Los Ríos Region",7,7,1,CLP,8,"7 días tras clic, 1 día tras visualización o 1 día tras visualización activa",,,,1142.85714286,,,4,,,,,,2025-01-01,2025-06-11
"publico valdivia","Video explicando servicio corto","campaña ventas HotBoat",2025-06-08,"Los Ríos Region",2569,2739,1.06617361,CLP,2143,"7 días tras clic, 1 día tras visualización o 1 día tras visualización activa",52,4.19861263,18.63478261,782.40233662,,,976,,,,,,2025-01-01,2025-06-11
"Test Publicos : Temuco","Video explicando servicio corto","campaña ventas HotBoat",2025-06-07,"Araucanía Region",107,127,1.18691589,CLP,169,"7 días tras clic, 1 día tras visualización o 1 día tras visualización activa",,0.78740157,169,1330.70866142,,,29,,,,,,2025-01-01,2025-06-11
"Test Publicos : Temuco","Video explicando servicio corto","campaña ventas HotBoat",2025-06-07,"Los Ríos Region",1,1,1,CLP,1,"7 días tras clic, 1 día tras visualización o 1 día tras visualización activa",,,,1000,,,,,,,,,2025-01-01,2025-06-11
"Test Publicos : Temuco","Video explicando servicio corto - Copia","campaña ventas HotBoat",2025-06-07,"Araucanía Region",982,1149,1.1700611,CLP,1660,"7 días tras clic, 1 día tras visualización o 1 día tras visualización activa",19,3.04612707,47.42857143,1444.73455178,,,389,,,,,,2025-01-01,2025-06-11
"Test Publicos : Temuco","Video explicando servicio corto - Copia","campaña ventas HotBoat",2025-06-07,"Los Ríos Region",25,26,1.04,CLP,20,"7 días tras clic, 1 día tras visualización o 1 día tras visualización activa",,,,769.23076923,,,11,,,,,,2025-01-01,2025-06-11
"Test Publicos : Temuco","Video parejas amor","campaña ventas HotBoat",2025-06-07,"Araucanía Region",16,16,1,CLP,21,"7 días tras clic, 1 día tras visualización o 1 día tras visualización activa",,,,1312.5,,,9,,,,,,2025-01-01,2025-06-11
"publico advantage","Video explicando servicio corto","campaña ventas HotBoat",2025-06-07,"Antofagasta Region",130,141,1.08461538,CLP,119,"7 días tras clic o 1 día tras visualización",2,2.83687943,29.75,843.97163121,,,39,,,,,,2025-01-01,2025-06-11
"publico advantage","Video explicando servicio corto","campaña ventas HotBoat",2025-06-07,"Araucanía Region",173,186,1.07514451,CLP,122,"7 días tras clic o 1 día tras visualización",6,5.91397849,11.09090909,655.91397849,,,62,,,,,,2025-01-01,2025-06-11
"publico advantage","Video explicando servicio corto","campaña ventas HotBoat",2025-06-07,"Arica y Parinacota Region",25,28,1.12,CLP,14,"7 días tras clic o 1 día tras visualización",1,10.71428571,4.66666667,500,,,11,,,,,,2025-01-01,2025-06-11
"publico advantage","Video explicando servicio corto","campaña ventas HotBoat",2025-06-07,"Atacama Region",30,31,1.03333333,CLP,28,"7 días tras clic o 1 día tras visualización",1,3.22580645,28,903.22580645,,,10,,,,,,2025-01-01,2025-06-11
"publico advantage","Video explicando servicio corto","campaña ventas HotBoat",2025-06-07,"Aysén Region",6,6,1,CLP,2,"7 días tras clic o 1 día tras visualización",,,,333.33333333,,,1,,,,,,2025-01-01,2025-06-11
"publico advantage","Video explicando servicio corto","campaña ventas HotBoat",2025-06-07,"Bío Bío Region",271,283,1.04428044,CLP,241,"7 días tras clic o 1 día tras visualización",11,6.00706714,14.17647059,851.59010601,,,99,,,,,,2025-01-01,2025-06-11
"publico advantage","Video explicando servicio corto","campaña ventas HotBoat",2025-06-07,"Coquimbo Region",64,67,1.046875,CLP,85,"7 días tras clic o 1 día tras visualización",,4.47761194,28.33333333,1268.65671642,,,23,,,,,,2025-01-01,2025-06-11
"publico advantage","Video explicando servicio corto","campaña ventas HotBoat",2025-06-07,"Los Lagos Region",227,248,1.09251101,CLP,145,"7 días tras clic o 1 día tras visualización",4,4.83870968,12.08333333,584.67741935,,,89,,,,,,2025-01-01,2025-06-11
"publico advantage","Video explicando servicio corto","campaña ventas HotBoat",2025-06-07,"Los Ríos Region",101,107,1.05940594,CLP,49,"7 días tras clic o 1 día tras visualización",4,9.34579439,4.9,457.94392523,,,35,,,,,,2025-01-01,2025-06-11
"publico advantage","Video explicando servicio corto","campaña ventas HotBoat",2025-06-07,"Magallanes y la Antártica Chilena Region",30,32,1.06666667,CLP,21,"7 días tras clic o 1 día tras visualización",,,,656.25,,,9,,,,,,2025-01-01,2025-06-11
"publico advantage","Video explicando servicio corto","campaña ventas HotBoat",2025-06-07,"Maule Region",148,164,1.10810811,CLP,124,"7 días tras clic o 1 día tras visualización",4,4.87804878,15.5,756.09756098,,,56,,,,,,2025-01-01,2025-06-11
"publico advantage","Video explicando servicio corto","campaña ventas HotBoat",2025-06-07,"O'Higgins Region",107,113,1.05607477,CLP,76,"7 días tras clic o 1 día tras visualización",4,7.07964602,9.5,672.56637168,,,41,,,,,,2025-01-01,2025-06-11
"publico advantage","Video explicando servicio corto","campaña ventas HotBoat",2025-06-07,"Santiago Metropolitan Region",604,640,1.05960265,CLP,789,"7 días tras clic o 1 día tras visualización",17,6.40625,19.24390244,1232.8125,,,232,,,,,,2025-01-01,2025-06-11
"publico advantage","Video explicando servicio corto","campaña ventas HotBoat",2025-06-07,"Tarapacá Region",28,30,1.07142857,CLP,16,"7 días tras clic o 1 día tras visualización",,,,533.33333333,,,10,,,,,,2025-01-01,2025-06-11
"publico advantage","Video explicando servicio corto","campaña ventas HotBoat",2025-06-07,"Valparaíso Region",234,252,1.07692308,CLP,216,"7 días tras clic o 1 día tras visualización",7,6.74603175,12.70588235,857.14285714,,,91,,,,,,2025-01-01,2025-06-11
"publico advantage","Video parejas amor","campaña ventas HotBoat",2025-06-07,"Antofagasta Region",3,3,1,CLP,,"7 días tras clic o 1 día tras visualización",,,,,,,1,,,,,,2025-01-01,2025-06-11
"publico advantage","Video parejas amor","campaña ventas HotBoat",2025-06-07,"Araucanía Region",6,7,1.16666667,CLP,2,"7 días tras clic o 1 día tras visualización",,,,285.71428571,,,3,,,,,,2025-01-01,2025-06-11
"publico advantage","Video parejas amor","campaña ventas HotBoat",2025-06-07,"Bío Bío Region",4,4,1,CLP,6,"7 días tras clic o 1 día tras visualización",,,,1500,,,1,,,,,,2025-01-01,2025-06-11
"publico advantage","Video parejas amor","campaña ventas HotBoat",2025-06-07,"Coquimbo Region",1,1,1,CLP,1,"7 días tras clic o 1 día tras visualización",,,,1000,,,,,,,,,2025-01-01,2025-06-11
"publico advantage","Video parejas amor","campaña ventas HotBoat",2025-06-07,"Los Lagos Region",5,5,1,CLP,2,"7 días tras clic o 1 día tras visualización",,,,400,,,3,,,,,,2025-01-01,2025-06-11
"publico advantage","Video parejas amor","campaña ventas HotBoat",2025-06-07,"Los Ríos Region",2,2,1,CLP,2,"7 días tras clic o 1 día tras visualización",,,,1000,,,,,,,,,2025-01-01,2025-06-11
"publico advantage","Video parejas amor","campaña ventas HotBoat",2025-06-07,"O'Higgins Region",2,2,1,CLP,3,"7 días tras clic o 1 día tras visualización",,,,1500,,,,,,,,,2025-01-01,2025-06-11
"publico advantage","Video parejas amor","campaña ventas HotBoat",2025-06-07,"Santiago Metropolitan Region",12,13,1.08333333,CLP,10,"7 días tras clic o 1 día tras visualización",,7.69230769,10,769.23076923,,,3,,,,,,2025-01-01,2025-06-11
"publico advantage","Video parejas amor","campaña ventas HotBoat",2025-06-07,"Valparaíso Region",1,1,1,CLP,2,"7 días tras clic o 1 día tras visualización",,,,2000,,,1,,,,,,2025-01-01,2025-06-11
"publico advantage","Video parejas dcto","campaña ventas HotBoat",2025-06-07,"Antofagasta Region",1,1,1,CLP,1,"7 días tras clic o 1 día tras visualización",,,,1000,,,,,,,,,2025-01-01,2025-06-11
"publico advantage","Video parejas dcto","campaña ventas HotBoat",2025-06-07,"Araucanía Region",8,8,1,CLP,4,"7 días tras clic o 1 día tras visualización",,,,500,,,4,,,,,,2025-01-01,2025-06-11
"publico advantage","Video parejas dcto","campaña ventas HotBoat",2025-06-07,"Atacama Region",2,2,1,CLP,1,"7 días tras clic o 1 día tras visualización",,,,500,,,2,,,,,,2025-01-01,2025-06-11
"publico advantage","Video parejas dcto","campaña ventas HotBoat",2025-06-07,"Bío Bío Region",5,5,1,CLP,,"7 días tras clic o 1 día tras visualización",,,,,,,1,,,,,,2025-01-01,2025-06-11
"publico advantage","Video parejas dcto","campaña ventas HotBoat",2025-06-07,"Coquimbo Region",2,2,1,CLP,,"7 días tras clic o 1 día tras visualización",,50,,,,,1,,,,,,2025-01-01,2025-06-11
"publico advantage","Video parejas dcto","campaña ventas HotBoat",2025-06-07,"Los Lagos Region",4,4,1,CLP,3,"7 días tras clic o 1 día tras visualización",1,75,1,750,,,2,,,,,,2025-01-01,2025-06-11
"publico advantage","Video parejas dcto","campaña ventas HotBoat",2025-06-07,"Los Ríos Region",6,6,1,CLP,2,"7 días tras clic o 1 día tras visualización",,,,333.33333333,,,2,,,,,,2025-01-01,2025-06-11
"publico advantage","Video parejas dcto","campaña ventas HotBoat",2025-06-07,"Maule Region",1,1,1,CLP,,"7 días tras clic o 1 día tras visualización",,,,,,,,,,,,,2025-01-01,2025-06-11
"publico advantage","Video parejas dcto","campaña ventas HotBoat",2025-06-07,"Santiago Metropolitan Region",10,10,1,CLP,10,"7 días tras clic o 1 día tras visualización",1,20,5,1000,,,3,,,,,,2025-01-01,2025-06-11
"publico advantage","Video parejas dcto","campaña ventas HotBoat",2025-06-07,"Valparaíso Region",5,5,1,CLP,1,"7 días tras clic o 1 día tras visualización",,,,200,,,3,,,,,,2025-01-01,2025-06-11
"publico concepcion","Video explicando servicio corto","campaña ventas HotBoat",2025-06-07,"Bío Bío Region",1685,1770,1.0504451,CLP,1486,"7 días tras clic, 1 día tras visualización o 1 día tras visualización activa",33,4.68926554,17.90361446,839.5480226,,,622,,,,,,2025-01-01,2025-06-11
"publico concepcion","Video parejas amor","campaña ventas HotBoat",2025-06-07,"Bío Bío Region",420,442,1.05238095,CLP,636,"7 días tras clic, 1 día tras visualización o 1 día tras visualización activa",6,3.39366516,42.4,1438.91402715,,,170,,,,,,2025-01-01,2025-06-11
"publico pucon 1","Video explicando servicio corto","campaña ventas HotBoat",2025-06-07,"Araucanía Region",1997,2218,1.110666,CLP,2165,"7 días tras clic, 1 día tras visualización o 1 día tras visualización activa",37,3.83228133,25.47058824,976.10459874,,,655,,,,,,2025-01-01,2025-06-11
"publico pucon 1","Video explicando servicio corto","campaña ventas HotBoat",2025-06-07,"Los Ríos Region",60,64,1.06666667,CLP,32,"7 días tras clic, 1 día tras visualización o 1 día tras visualización activa",,,,500,,,26,,,,,,2025-01-01,2025-06-11
"publico pucon 1","Video explicando servicio corto - Copia","campaña ventas HotBoat",2025-06-07,"Araucanía Region",1,1,1,CLP,,"7 días tras clic, 1 día tras visualización o 1 día tras visualización activa",,,,,,,,,,,,,2025-01-01,2025-06-11
"publico pucon 1","Video parejas amor","campaña ventas HotBoat",2025-06-07,"Araucanía Region",2,4,2,CLP,14,"7 días tras clic, 1 día tras visualización o 1 día tras visualización activa",,,,3500,,,1,,,,,,2025-01-01,2025-06-11
"publico valdivia","Video explicando servicio corto","campaña ventas HotBoat",2025-06-07,"Los Ríos Region",2008,2116,1.05378486,CLP,1985,"7 días tras clic, 1 día tras visualización o 1 día tras visualización activa",36,3.87523629,24.20731707,938.09073724,,,759,,,,,,2025-01-01,2025-06-11
"publico valdivia","Video explicando servicio corto - Copia","campaña ventas HotBoat",2025-06-07,"Los Ríos Region",94,100,1.06382979,CLP,160,"7 días tras clic, 1 día tras visualización o 1 día tras visualización activa",,2,80,1600,,,35,,,,,,2025-01-01,2025-06-11
"Test Publicos : Temuco","Video explicando servicio corto","campaña ventas HotBoat",2025-06-06,"Araucanía Region",151,183,1.21192053,CLP,245,"7 días tras clic, 1 día tras visualización o 1 día tras visualización activa",2,2.73224044,49,1338.79781421,,,53,,,,,,2025-01-01,2025-06-11
"Test Publicos : Temuco","Video explicando servicio corto","campaña ventas HotBoat",2025-06-06,"Los Ríos Region",4,6,1.5,CLP,2,"7 días tras clic, 1 día tras visualización o 1 día tras visualización activa",,,,333.33333333,,,2,,,,,,2025-01-01,2025-06-11
"Test Publicos : Temuco","Video explicando servicio corto - Copia","campaña ventas HotBoat",2025-06-06,"Araucanía Region",624,721,1.15544872,CLP,1165,"7 días tras clic, 1 día tras visualización o 1 día tras visualización activa",9,2.91262136,55.47619048,1615.81137309,,,269,,,,,,2025-01-01,2025-06-11
"Test Publicos : Temuco","Video explicando servicio corto - Copia","campaña ventas HotBoat",2025-06-06,"Los Ríos Region",14,14,1,CLP,22,"7 días tras clic, 1 día tras visualización o 1 día tras visualización activa",,,,1571.42857143,,,6,,,,,,2025-01-01,2025-06-11
"Test Publicos : Temuco","Video parejas amor","campaña ventas HotBoat",2025-06-06,"Araucanía Region",306,333,1.08823529,CLP,481,"7 días tras clic, 1 día tras visualización o 1 día tras visualización activa",5,3.003003,48.1,1444.44444444,,,83,,,,,,2025-01-01,2025-06-11
"Test Publicos : Temuco","Video parejas amor","campaña ventas HotBoat",2025-06-06,"Los Ríos Region",8,8,1,CLP,7,"7 días tras clic, 1 día tras visualización o 1 día tras visualización activa",,,,875,,,1,,,,,,2025-01-01,2025-06-11
"publico advantage","Video explicando servicio corto","campaña ventas HotBoat",2025-06-06,"Antofagasta Region",23,23,1,CLP,60,"7 días tras clic o 1 día tras visualización",,4.34782609,60,2608.69565217,,,9,,,,,,2025-01-01,2025-06-11
"publico advantage","Video explicando servicio corto","campaña ventas HotBoat",2025-06-06,"Araucanía Region",45,48,1.06666667,CLP,48,"7 días tras clic o 1 día tras visualización",1,8.33333333,12,1000,,,20,,,,,,2025-01-01,2025-06-11
"publico advantage","Video explicando servicio corto","campaña ventas HotBoat",2025-06-06,"Arica y Parinacota Region",5,6,1.2,CLP,5,"7 días tras clic o 1 día tras visualización",,,,833.33333333,,,3,,,,,,2025-01-01,2025-06-11
"publico advantage","Video explicando servicio corto","campaña ventas HotBoat",2025-06-06,"Atacama Region",13,14,1.07692308,CLP,19,"7 días tras clic o 1 día tras visualización",2,21.42857143,6.33333333,1357.14285714,,,7,,,,,,2025-01-01,2025-06-11
"publico advantage","Video explicando servicio corto","campaña ventas HotBoat",2025-06-06,"Aysén Region",1,1,1,CLP,,"7 días tras clic o 1 día tras visualización",,,,,,,,,,,,,2025-01-01,2025-06-11
"publico advantage","Video explicando servicio corto","campaña ventas HotBoat",2025-06-06,"Bío Bío Region",53,56,1.05660377,CLP,90,"7 días tras clic o 1 día tras visualización",1,7.14285714,22.5,1607.14285714,,,23,,,,,,2025-01-01,2025-06-11
"publico advantage","Video explicando servicio corto","campaña ventas HotBoat",2025-06-06,"Coquimbo Region",12,12,1,CLP,11,"7 días tras clic o 1 día tras visualización",,,,916.66666667,,,,,,,,,2025-01-01,2025-06-11
"publico advantage","Video explicando servicio corto","campaña ventas HotBoat",2025-06-06,"Los Lagos Region",33,34,1.03030303,CLP,52,"7 días tras clic o 1 día tras visualización",,,,1529.41176471,,,10,,,,,,2025-01-01,2025-06-11
"publico advantage","Video explicando servicio corto","campaña ventas HotBoat",2025-06-06,"Los Ríos Region",20,20,1,CLP,19,"7 días tras clic o 1 día tras visualización",1,5,19,950,,,5,,,,,,2025-01-01,2025-06-11
"publico advantage","Video explicando servicio corto","campaña ventas HotBoat",2025-06-06,"Magallanes y la Antártica Chilena Region",6,6,1,CLP,5,"7 días tras clic o 1 día tras visualización",,,,833.33333333,,,1,,,,,,2025-01-01,2025-06-11
"publico advantage","Video explicando servicio corto","campaña ventas HotBoat",2025-06-06,"Maule Region",44,46,1.04545455,CLP,56,"7 días tras clic o 1 día tras visualización",,2.17391304,56,1217.39130435,,,14,,,,,,2025-01-01,2025-06-11
"publico advantage","Video explicando servicio corto","campaña ventas HotBoat",2025-06-06,"O'Higgins Region",22,22,1,CLP,20,"7 días tras clic o 1 día tras visualización",,,,909.09090909,,,7,,,,,,2025-01-01,2025-06-11
"publico advantage","Video explicando servicio corto","campaña ventas HotBoat",2025-06-06,"Santiago Metropolitan Region",201,216,1.07462687,CLP,345,"7 días tras clic o 1 día tras visualización",3,4.16666667,38.33333333,1597.22222222,,,67,,,,,,2025-01-01,2025-06-11
"publico advantage","Video explicando servicio corto","campaña ventas HotBoat",2025-06-06,"Tarapacá Region",4,5,1.25,CLP,6,"7 días tras clic o 1 día tras visualización",,,,1200,,,2,,,,,,2025-01-01,2025-06-11
"publico advantage","Video explicando servicio corto","campaña ventas HotBoat",2025-06-06,"Valparaíso Region",59,61,1.03389831,CLP,88,"7 días tras clic o 1 día tras visualización",,1.63934426,88,1442.62295082,,,21,,,,,,2025-01-01,2025-06-11
"publico advantage","Video parejas amor","campaña ventas HotBoat",2025-06-06,"Antofagasta Region",11,14,1.27272727,CLP,18,"7 días tras clic o 1 día tras visualización",,7.14285714,18,1285.71428571,,,4,,,,,,2025-01-01,2025-06-11
"publico advantage","Video parejas amor","campaña ventas HotBoat",2025-06-06,"Araucanía Region",42,48,1.14285714,CLP,37,"7 días tras clic o 1 día tras visualización",3,16.66666667,4.625,770.83333333,,,21,,,,,,2025-01-01,2025-06-11
"publico advantage","Video parejas amor","campaña ventas HotBoat",2025-06-06,"Arica y Parinacota Region",1,1,1,CLP,1,"7 días tras clic o 1 día tras visualización",,,,1000,,,1,,,,,,2025-01-01,2025-06-11
"publico advantage","Video parejas amor","campaña ventas HotBoat",2025-06-06,"Atacama Region",2,2,1,CLP,,"7 días tras clic o 1 día tras visualización",,,,,,,,,,,,,2025-01-01,2025-06-11
"publico advantage","Video parejas amor","campaña ventas HotBoat",2025-06-06,"Aysén Region",3,3,1,CLP,3,"7 días tras clic o 1 día tras visualización",,,,1000,,,2,,,,,,2025-01-01,2025-06-11
"publico advantage","Video parejas amor","campaña ventas HotBoat",2025-06-06,"Bío Bío Region",28,32,1.14285714,CLP,34,"7 días tras clic o 1 día tras visualización",,,,1062.5,,,10,,,,,,2025-01-01,2025-06-11
"publico advantage","Video parejas amor","campaña ventas HotBoat",2025-06-06,"Coquimbo Region",5,5,1,CLP,4,"7 días tras clic o 1 día tras visualización",,,,800,,,2,,,,,,2025-01-01,2025-06-11
"publico advantage","Video parejas amor","campaña ventas HotBoat",2025-06-06,"Los Lagos Region",29,32,1.10344828,CLP,16,"7 días tras clic o 1 día tras visualización",,3.125,16,500,,,10,,,,,,2025-01-01,2025-06-11
"publico advantage","Video parejas amor","campaña ventas HotBoat",2025-06-06,"Los Ríos Region",19,23,1.21052632,CLP,16,"7 días tras clic o 1 día tras visualización",,,,695.65217391,,,8,,,,,,2025-01-01,2025-06-11
"publico advantage","Video parejas amor","campaña ventas HotBoat",2025-06-06,"Magallanes y la Antártica Chilena Region",1,1,1,CLP,,"7 días tras clic o 1 día tras visualización",,,,,,,,,,,,,2025-01-01,2025-06-11
"publico advantage","Video parejas amor","campaña ventas HotBoat",2025-06-06,"Maule Region",18,22,1.22222222,CLP,22,"7 días tras clic o 1 día tras visualización",1,9.09090909,11,1000,,,13,,,,,,2025-01-01,2025-06-11
"publico advantage","Video parejas amor","campaña ventas HotBoat",2025-06-06,"O'Higgins Region",9,11,1.22222222,CLP,13,"7 días tras clic o 1 día tras visualización",,,,1181.81818182,,,3,,,,,,2025-01-01,2025-06-11
"publico advantage","Video parejas amor","campaña ventas HotBoat",2025-06-06,"Santiago Metropolitan Region",48,50,1.04166667,CLP,99,"7 días tras clic o 1 día tras visualización",,2,99,1980,,,25,,,,,,2025-01-01,2025-06-11
"publico advantage","Video parejas amor","campaña ventas HotBoat",2025-06-06,"Tarapacá Region",4,4,1,CLP,1,"7 días tras clic o 1 día tras visualización",1,25,1,250,,,2,,,,,,2025-01-01,2025-06-11
"publico advantage","Video parejas amor","campaña ventas HotBoat",2025-06-06,"Valparaíso Region",14,14,1,CLP,23,"7 días tras clic o 1 día tras visualización",,,,1642.85714286,,,4,,,,,,2025-01-01,2025-06-11
"publico advantage","Video parejas dcto","campaña ventas HotBoat",2025-06-06,"Antofagasta Region",31,31,1,CLP,31,"7 días tras clic o 1 día tras visualización",2,9.67741935,10.33333333,1000,,,13,,,,,,2025-01-01,2025-06-11
"publico advantage","Video parejas dcto","campaña ventas HotBoat",2025-06-06,"Araucanía Region",71,81,1.14084507,CLP,46,"7 días tras clic o 1 día tras visualización",2,3.7037037,15.33333333,567.90123457,,,26,,,,,,2025-01-01,2025-06-11
"publico advantage","Video parejas dcto","campaña ventas HotBoat",2025-06-06,"Arica y Parinacota Region",6,6,1,CLP,2,"7 días tras clic o 1 día tras visualización",,,,333.33333333,,,2,,,,,,2025-01-01,2025-06-11
"publico advantage","Video parejas dcto","campaña ventas HotBoat",2025-06-06,"Atacama Region",9,9,1,CLP,4,"7 días tras clic o 1 día tras visualización",,,,444.44444444,,,2,,,,,,2025-01-01,2025-06-11
"publico advantage","Video parejas dcto","campaña ventas HotBoat",2025-06-06,"Aysén Region",3,3,1,CLP,,"7 días tras clic o 1 día tras visualización",,,,,,,2,,,,,,2025-01-01,2025-06-11
"publico advantage","Video parejas dcto","campaña ventas HotBoat",2025-06-06,"Bío Bío Region",79,83,1.05063291,CLP,57,"7 días tras clic o 1 día tras visualización",1,4.81927711,14.25,686.74698795,,,38,,,,,,2025-01-01,2025-06-11
"publico advantage","Video parejas dcto","campaña ventas HotBoat",2025-06-06,"Coquimbo Region",21,21,1,CLP,13,"7 días tras clic o 1 día tras visualización",1,9.52380952,6.5,619.04761905,,,11,,,,,,2025-01-01,2025-06-11
"publico advantage","Video parejas dcto","campaña ventas HotBoat",2025-06-06,"Los Lagos Region",78,81,1.03846154,CLP,34,"7 días tras clic o 1 día tras visualización",,2.4691358,17,419.75308642,,,27,,,,,,2025-01-01,2025-06-11
"publico advantage","Video parejas dcto","campaña ventas HotBoat",2025-06-06,"Los Ríos Region",37,37,1,CLP,19,"7 días tras clic o 1 día tras visualización",,2.7027027,19,513.51351351,,,14,,,,,,2025-01-01,2025-06-11
"publico advantage","Video parejas dcto","campaña ventas HotBoat",2025-06-06,"Magallanes y la Antártica Chilena Region",7,7,1,CLP,3,"7 días tras clic o 1 día tras visualización",,,,428.57142857,,,1,,,,,,2025-01-01,2025-06-11
"publico advantage","Video parejas dcto","campaña ventas HotBoat",2025-06-06,"Maule Region",42,42,1,CLP,23,"7 días tras clic o 1 día tras visualización",,2.38095238,23,547.61904762,,,17,,,,,,2025-01-01,2025-06-11
"publico advantage","Video parejas dcto","campaña ventas HotBoat",2025-06-06,"O'Higgins Region",19,19,1,CLP,13,"7 días tras clic o 1 día tras visualización",,,,684.21052632,,,3,,,,,,2025-01-01,2025-06-11
"publico advantage","Video parejas dcto","campaña ventas HotBoat",2025-06-06,"Santiago Metropolitan Region",121,126,1.04132231,CLP,202,"7 días tras clic o 1 día tras visualización",,1.58730159,101,1603.17460317,,,53,,,,,,2025-01-01,2025-06-11
"publico advantage","Video parejas dcto","campaña ventas HotBoat",2025-06-06,"Tarapacá Region",4,4,1,CLP,5,"7 días tras clic o 1 día tras visualización",,,,1250,,,3,,,,,,2025-01-01,2025-06-11
"publico advantage","Video parejas dcto","campaña ventas HotBoat",2025-06-06,"Valparaíso Region",35,38,1.08571429,CLP,52,"7 días tras clic o 1 día tras visualización",,2.63157895,52,1368.42105263,,,14,,,,,,2025-01-01,2025-06-11
"publico concepcion","Video explicando servicio corto","campaña ventas HotBoat",2025-06-06,"Bío Bío Region",616,654,1.06168831,CLP,797,"7 días tras clic, 1 día tras visualización o 1 día tras visualización activa",11,3.21100917,37.95238095,1218.65443425,,,235,,,,,,2025-01-01,2025-06-11
"publico concepcion","Video explicando servicio corto - Copia","campaña ventas HotBoat",2025-06-06,"Bío Bío Region",56,59,1.05357143,CLP,78,"7 días tras clic, 1 día tras visualización o 1 día tras visualización activa",,,,1322.03389831,,,23,,,,,,2025-01-01,2025-06-11
"publico concepcion","Video parejas amor","campaña ventas HotBoat",2025-06-06,"Bío Bío Region",426,463,1.08685446,CLP,819,"7 días tras clic, 1 día tras visualización o 1 día tras visualización activa",7,4.96760259,35.60869565,1768.89848812,,,142,,,,,,2025-01-01,2025-06-11
"publico pucon 1","Video explicando servicio corto","campaña ventas HotBoat",2025-06-06,"Araucanía Region",1442,1575,1.09223301,CLP,1616,"7 días tras clic, 1 día tras visualización o 1 día tras visualización activa",23,2.53968254,40.4,1026.03174603,,,397,,,,,,2025-01-01,2025-06-11
"publico pucon 1","Video explicando servicio corto","campaña ventas HotBoat",2025-06-06,"Los Ríos Region",25,25,1,CLP,18,"7 días tras clic, 1 día tras visualización o 1 día tras visualización activa",1,4,18,720,,,10,,,,,,2025-01-01,2025-06-11
"publico pucon 1","Video explicando servicio corto - Copia","campaña ventas HotBoat",2025-06-06,"Araucanía Region",401,429,1.06982544,CLP,769,"7 días tras clic, 1 día tras visualización o 1 día tras visualización activa",3,2.33100233,76.9,1792.54079254,,,161,,,,,,2025-01-01,2025-06-11
"publico pucon 1","Video explicando servicio corto - Copia","campaña ventas HotBoat",2025-06-06,"Los Ríos Region",7,7,1,CLP,13,"7 días tras clic, 1 día tras visualización o 1 día tras visualización activa",,,,1857.14285714,,,2,,,,,,2025-01-01,2025-06-11
"publico pucon 1","Video parejas amor","campaña ventas HotBoat",2025-06-06,"Araucanía Region",57,62,1.0877193,CLP,99,"7 días tras clic, 1 día tras visualización o 1 día tras visualización activa",,,,1596.77419355,,,19,,,,,,2025-01-01,2025-06-11
"publico valdivia","Video explicando servicio corto","campaña ventas HotBoat",2025-06-06,"Los Ríos Region",682,716,1.04985337,CLP,896,"7 días tras clic, 1 día tras visualización o 1 día tras visualización activa",10,3.2122905,38.95652174,1251.39664804,,,280,,,,,,2025-01-01,2025-06-11
"publico valdivia","Video explicando servicio corto - Copia","campaña ventas HotBoat",2025-06-06,"Los Ríos Region",87,89,1.02298851,CLP,138,"7 días tras clic, 1 día tras visualización o 1 día tras visualización activa",,4.49438202,34.5,1550.56179775,,,42,,,,,,2025-01-01,2025-06-11
"publico valdivia","Video parejas amor","campaña ventas HotBoat",2025-06-06,"Los Ríos Region",478,512,1.07112971,CLP,636,"7 días tras clic, 1 día tras visualización o 1 día tras visualización activa",6,2.734375,45.42857143,1242.1875,,,174,,,,,,2025-01-01,2025-06-11
"Test Publicos : Temuco","Video explicando servicio corto","campaña ventas HotBoat",2025-06-05,"Araucanía Region",130,133,1.02307692,CLP,198,"7 días tras clic, 1 día tras visualización o 1 día tras visualización activa",1,1.5037594,99,1488.72180451,,,31,,,,,,2025-01-01,2025-06-11
"Test Publicos : Temuco","Video explicando servicio corto","campaña ventas HotBoat",2025-06-05,"Los Ríos Region",2,2,1,CLP,1,"7 días tras clic, 1 día tras visualización o 1 día tras visualización activa",,,,500,,,1,,,,,,2025-01-01,2025-06-11
"Test Publicos : Temuco","Video explicando servicio corto - Copia","campaña ventas HotBoat",2025-06-05,"Araucanía Region",41,41,1,CLP,73,"7 días tras clic, 1 día tras visualización o 1 día tras visualización activa",2,2.43902439,73,1780.48780488,,,14,,,,,,2025-01-01,2025-06-11
"Test Publicos : Temuco","Video explicando servicio corto - Copia","campaña ventas HotBoat",2025-06-05,"Los Ríos Region",1,1,1,CLP,,"7 días tras clic, 1 día tras visualización o 1 día tras visualización activa",,,,,,,1,,,,,,2025-01-01,2025-06-11
"Test Publicos : Temuco","Video parejas amor","campaña ventas HotBoat",2025-06-05,"Araucanía Region",323,369,1.14241486,CLP,591,"7 días tras clic, 1 día tras visualización o 1 día tras visualización activa",4,1.89701897,84.42857143,1601.62601626,,,138,,,,,,2025-01-01,2025-06-11
"Test Publicos : Temuco","Video parejas amor","campaña ventas HotBoat",2025-06-05,"Los Ríos Region",3,3,1,CLP,2,"7 días tras clic, 1 día tras visualización o 1 día tras visualización activa",,,,666.66666667,,,2,,,,,,2025-01-01,2025-06-11
"publico advantage","Video explicando servicio corto","campaña ventas HotBoat",2025-06-05,"Antofagasta Region",17,19,1.11764706,CLP,42,"7 días tras clic o 1 día tras visualización",2,10.52631579,21,2210.52631579,,,5,,,,,,2025-01-01,2025-06-11
"publico advantage","Video explicando servicio corto","campaña ventas HotBoat",2025-06-05,"Araucanía Region",36,38,1.05555556,CLP,49,"7 días tras clic o 1 día tras visualización",,,,1289.47368421,,,7,,,,,,2025-01-01,2025-06-11
"publico advantage","Video explicando servicio corto","campaña ventas HotBoat",2025-06-05,"Arica y Parinacota Region",2,2,1,CLP,4,"7 días tras clic o 1 día tras visualización",,,,2000,,,,,,,,,2025-01-01,2025-06-11
"publico advantage","Video explicando servicio corto","campaña ventas HotBoat",2025-06-05,"Atacama Region",2,2,1,CLP,2,"7 días tras clic o 1 día tras visualización",,,,1000,,,2,,,,,,2025-01-01,2025-06-11
"publico advantage","Video explicando servicio corto","campaña ventas HotBoat",2025-06-05,"Aysén Region",2,2,1,CLP,1,"7 días tras clic o 1 día tras visualización",,,,500,,,1,,,,,,2025-01-01,2025-06-11
"publico advantage","Video explicando servicio corto","campaña ventas HotBoat",2025-06-05,"Bío Bío Region",67,69,1.02985075,CLP,107,"7 días tras clic o 1 día tras visualización",2,4.34782609,35.66666667,1550.72463768,,,18,,,,,,2025-01-01,2025-06-11
"publico advantage","Video explicando servicio corto","campaña ventas HotBoat",2025-06-05,"Coquimbo Region",13,15,1.15384615,CLP,19,"7 días tras clic o 1 día tras visualización",2,13.33333333,9.5,1266.66666667,,,8,,,,,,2025-01-01,2025-06-11
"publico advantage","Video explicando servicio corto","campaña ventas HotBoat",2025-06-05,"Los Lagos Region",38,39,1.02631579,CLP,53,"7 días tras clic o 1 día tras visualización",2,5.12820513,26.5,1358.97435897,,,18,,,,,,2025-01-01,2025-06-11
"publico advantage","Video explicando servicio corto","campaña ventas HotBoat",2025-06-05,"Los Ríos Region",17,18,1.05882353,CLP,29,"7 días tras clic o 1 día tras visualización",,,,1611.11111111,,,7,,,,,,2025-01-01,2025-06-11
"publico advantage","Video explicando servicio corto","campaña ventas HotBoat",2025-06-05,"Magallanes y la Antártica Chilena Region",3,4,1.33333333,CLP,7,"7 días tras clic o 1 día tras visualización",,25,7,1750,,,2,,,,,,2025-01-01,2025-06-11
"publico advantage","Video explicando servicio corto","campaña ventas HotBoat",2025-06-05,"Maule Region",33,37,1.12121212,CLP,52,"7 días tras clic o 1 día tras visualización",1,8.10810811,17.33333333,1405.40540541,,,15,,,,,,2025-01-01,2025-06-11
"publico advantage","Video explicando servicio corto","campaña ventas HotBoat",2025-06-05,"O'Higgins Region",20,21,1.05,CLP,96,"7 días tras clic o 1 día tras visualización",3,19.04761905,24,4571.42857143,,,4,,,,,,2025-01-01,2025-06-11
"publico advantage","Video explicando servicio corto","campaña ventas HotBoat",2025-06-05,"Santiago Metropolitan Region",144,151,1.04861111,CLP,283,"7 días tras clic o 1 día tras visualización",1,3.31125828,56.6,1874.17218543,,,49,,,,,,2025-01-01,2025-06-11
"publico advantage","Video explicando servicio corto","campaña ventas HotBoat",2025-06-05,"Tarapacá Region",4,4,1,CLP,4,"7 días tras clic o 1 día tras visualización",1,25,4,1000,,,2,,,,,,2025-01-01,2025-06-11
"publico advantage","Video explicando servicio corto","campaña ventas HotBoat",2025-06-05,"Valparaíso Region",45,46,1.02222222,CLP,58,"7 días tras clic o 1 día tras visualización",2,10.86956522,11.6,1260.86956522,,,16,,,,,,2025-01-01,2025-06-11
"publico advantage","Video parejas amor","campaña ventas HotBoat",2025-06-05,"Araucanía Region",4,4,1,CLP,2,"7 días tras clic o 1 día tras visualización",,,,500,,,2,,,,,,2025-01-01,2025-06-11
"publico advantage","Video parejas amor","campaña ventas HotBoat",2025-06-05,"Bío Bío Region",2,3,1.5,CLP,5,"7 días tras clic o 1 día tras visualización",,,,1666.66666667,,,1,,,,,,2025-01-01,2025-06-11
"publico advantage","Video parejas amor","campaña ventas HotBoat",2025-06-05,"Coquimbo Region",2,2,1,CLP,1,"7 días tras clic o 1 día tras visualización",,,,500,,,,,,,,,2025-01-01,2025-06-11
"publico advantage","Video parejas amor","campaña ventas HotBoat",2025-06-05,"Los Lagos Region",2,2,1,CLP,2,"7 días tras clic o 1 día tras visualización",,,,1000,,,2,,,,,,2025-01-01,2025-06-11
"publico advantage","Video parejas amor","campaña ventas HotBoat",2025-06-05,"Los Ríos Region",1,1,1,CLP,1,"7 días tras clic o 1 día tras visualización",,,,1000,,,1,,,,,,2025-01-01,2025-06-11
"publico advantage","Video parejas amor","campaña ventas HotBoat",2025-06-05,"Maule Region",2,2,1,CLP,2,"7 días tras clic o 1 día tras visualización",,,,1000,,,,,,,,,2025-01-01,2025-06-11
"publico advantage","Video parejas amor","campaña ventas HotBoat",2025-06-05,"O'Higgins Region",1,1,1,CLP,1,"7 días tras clic o 1 día tras visualización",,,,1000,,,1,,,,,,2025-01-01,2025-06-11
"publico advantage","Video parejas amor","campaña ventas HotBoat",2025-06-05,"Santiago Metropolitan Region",8,9,1.125,CLP,25,"7 días tras clic o 1 día tras visualización",1,22.22222222,12.5,2777.77777778,,,3,,,,,,2025-01-01,2025-06-11
"publico advantage","Video parejas amor","campaña ventas HotBoat",2025-06-05,"Valparaíso Region",2,2,1,CLP,1,"7 días tras clic o 1 día tras visualización",,50,1,500,,,1,,,,,,2025-01-01,2025-06-11
"publico advantage","Video parejas dcto","campaña ventas HotBoat",2025-06-05,"Antofagasta Region",1,1,1,CLP,1,"7 días tras clic o 1 día tras visualización",,,,1000,,,,,,,,,2025-01-01,2025-06-11
"publico advantage","Video parejas dcto","campaña ventas HotBoat",2025-06-05,"Araucanía Region",7,7,1,CLP,5,"7 días tras clic o 1 día tras visualización",,,,714.28571429,,,2,,,,,,2025-01-01,2025-06-11
"publico advantage","Video parejas dcto","campaña ventas HotBoat",2025-06-05,"Atacama Region",2,2,1,CLP,1,"7 días tras clic o 1 día tras visualización",,,,500,,,1,,,,,,2025-01-01,2025-06-11
"publico advantage","Video parejas dcto","campaña ventas HotBoat",2025-06-05,"Aysén Region",2,2,1,CLP,2,"7 días tras clic o 1 día tras visualización",,,,1000,,,1,,,,,,2025-01-01,2025-06-11
"publico advantage","Video parejas dcto","campaña ventas HotBoat",2025-06-05,"Bío Bío Region",10,10,1,CLP,30,"7 días tras clic o 1 día tras visualización",,,,3000,,,4,,,,,,2025-01-01,2025-06-11
"publico advantage","Video parejas dcto","campaña ventas HotBoat",2025-06-05,"Coquimbo Region",3,3,1,CLP,9,"7 días tras clic o 1 día tras visualización",1,66.66666667,4.5,3000,,,3,,,,,,2025-01-01,2025-06-11
"publico advantage","Video parejas dcto","campaña ventas HotBoat",2025-06-05,"Los Lagos Region",10,10,1,CLP,8,"7 días tras clic o 1 día tras visualización",,,,800,,,4,,,,,,2025-01-01,2025-06-11
"publico advantage","Video parejas dcto","campaña ventas HotBoat",2025-06-05,"Los Ríos Region",12,12,1,CLP,13,"7 días tras clic o 1 día tras visualización",,,,1083.33333333,,,4,,,,,,2025-01-01,2025-06-11
"publico advantage","Video parejas dcto","campaña ventas HotBoat",2025-06-05,"Maule Region",7,7,1,CLP,11,"7 días tras clic o 1 día tras visualización",,,,1571.42857143,,,3,,,,,,2025-01-01,2025-06-11
"publico advantage","Video parejas dcto","campaña ventas HotBoat",2025-06-05,"O'Higgins Region",4,4,1,CLP,10,"7 días tras clic o 1 día tras visualización",,,,2500,,,,,,,,,2025-01-01,2025-06-11
"publico advantage","Video parejas dcto","campaña ventas HotBoat",2025-06-05,"Santiago Metropolitan Region",17,17,1,CLP,55,"7 días tras clic o 1 día tras visualización",1,5.88235294,55,3235.29411765,,,8,,,,,,2025-01-01,2025-06-11
"publico advantage","Video parejas dcto","campaña ventas HotBoat",2025-06-05,"Valparaíso Region",9,9,1,CLP,13,"7 días tras clic o 1 día tras visualización",,22.22222222,6.5,1444.44444444,,,7,,,,,,2025-01-01,2025-06-11
"publico concepcion","Video explicando servicio corto","campaña ventas HotBoat",2025-06-05,"Bío Bío Region",73,75,1.02739726,CLP,120,"7 días tras clic, 1 día tras visualización o 1 día tras visualización activa",1,1.33333333,120,1600,,,24,,,,,,2025-01-01,2025-06-11
"publico concepcion","Video explicando servicio corto - Copia","campaña ventas HotBoat",2025-06-05,"Bío Bío Region",430,443,1.03023256,CLP,689,"7 días tras clic, 1 día tras visualización o 1 día tras visualización activa",4,3.16027088,49.21428571,1555.30474041,,,193,,,,,,2025-01-01,2025-06-11
"publico concepcion","Video parejas amor","campaña ventas HotBoat",2025-06-05,"Bío Bío Region",18,18,1,CLP,39,"7 días tras clic, 1 día tras visualización o 1 día tras visualización activa",,,,2166.66666667,,,7,,,,,,2025-01-01,2025-06-11
"publico pucon 1","Video explicando servicio corto","campaña ventas HotBoat",2025-06-05,"Araucanía Region",111,119,1.07207207,CLP,200,"7 días tras clic, 1 día tras visualización o 1 día tras visualización activa",2,3.36134454,50,1680.67226891,,,30,,,,,,2025-01-01,2025-06-11
"publico pucon 1","Video explicando servicio corto","campaña ventas HotBoat",2025-06-05,"Los Ríos Region",4,4,1,CLP,1,"7 días tras clic, 1 día tras visualización o 1 día tras visualización activa",,,,250,,,2,,,,,,2025-01-01,2025-06-11
"publico pucon 1","Video parejas amor","campaña ventas HotBoat",2025-06-05,"Araucanía Region",532,589,1.10714286,CLP,916,"7 días tras clic, 1 día tras visualización o 1 día tras visualización activa",8,3.56536503,43.61904762,1555.17826825,,,197,,,,,,2025-01-01,2025-06-11
"publico pucon 1","Video parejas amor","campaña ventas HotBoat",2025-06-05,"Los Ríos Region",7,7,1,CLP,11,"7 días tras clic, 1 día tras visualización o 1 día tras visualización activa",,,,1571.42857143,,,4,,,,,,2025-01-01,2025-06-11
"publico valdivia","Video explicando servicio corto","campaña ventas HotBoat",2025-06-05,"Los Ríos Region",100,102,1.02,CLP,134,"7 días tras clic, 1 día tras visualización o 1 día tras visualización activa",3,4.90196078,26.8,1313.7254902,,,39,,,,,,2025-01-01,2025-06-11
"publico valdivia","Video explicando servicio corto - Copia","campaña ventas HotBoat",2025-06-05,"Los Ríos Region",455,473,1.03956044,CLP,690,"7 días tras clic, 1 día tras visualización o 1 día tras visualización activa",5,2.53699789,57.5,1458.77378436,,,174,,,,,,2025-01-01,2025-06-11
"publico valdivia","Video parejas amor","campaña ventas HotBoat",2025-06-05,"Los Ríos Region",1,1,1,CLP,3,"7 días tras clic, 1 día tras visualización o 1 día tras visualización activa",,,,3000,,,1,,,,,,2025-01-01,2025-06-11
