Fecha,Descripción,Monto,Categoría_2,Categoría 1,País,Monto (USD),Cuotas
2025-01-13,COMPRA IMPORTADORA  CL,10380.0,Importaciones,Sin categoría,,,
2025-01-13,COMPRA SUPERMERCADO CL,24190.0,Supermercado,Sin categoría,,,
2025-01-13,COMPRA SUPERMERCADO CL,5250.0,Supermercado,Sin categoría,,,
2025-01-13,COMPRA SUPERMERCADO CL,3500.0,Supermercado,Sin categoría,,,
2025-01-13,COMPRA MERPAGO*MERPAGO,10800.0,Pagos Digitales,Sin categoría,,,
2025-01-14,COMPRA LIBRERIA VER CL,1850.0,Otros,Sin categoría,,,
2025-01-14,COMPRA IMPORTADORA  CL,7400.0,Importaciones,Sin categoría,,,
2025-01-17,COMPRA SUPERMERCADO CL,2850.0,Supermercado,Sin categoría,,,
2025-01-17,TEF BANCOESTADO A INOSTROZA CANALES,200000.0,Mano obra HotBoat daniel,Sin categoría,,,
2025-01-20,COMPRA SUPERMERCADO CL,3000.0,Supermercado,Sin categoría,,,
2025-01-20,COMPRA SUPERMERCADO CL,9248.0,Supermercado,Sin categoría,,,
2025-01-20,COMPRA LIBRERIA VER CL,13600.0,Otros,Sin categoría,,,
2025-01-21,COMPRA SUPERMERCADO CL,68181.0,Supermercado,Sin categoría,,,
2025-01-21,COMPRA FERRETERIA E CL,2200.0,Ferretería,Sin categoría,,,
2025-01-21,COMPRA COPEC ASISTI CL,66857.0,Combustible,Sin categoría,,,
2025-01-21,COMPRA FERRETERIA E CL,56930.0,Ferretería,Sin categoría,,,
2025-01-21,COMPRA FERRETERIA E CL,1780.0,Ferretería,Sin categoría,,,
2025-01-22,COMPRA SODIMAC VILL CL,17870.0,Ferretería,Sin categoría,,,
2025-01-22,COMPRA FERRETERIA F CL,12250.0,Ferretería,Sin categoría,,,
2025-01-22,WEB MERPAGO*QUALITYRUB,177705.0,Pagos Digitales,Sin categoría,,,
2025-01-22,TEF BANCOESTADO A OCAMPO BUENO CARL,30000.0,Sin categoría,Sin categoría,,,
2025-01-23,COMPRA FERRETERIA E CL,2990.0,Ferretería,Sin categoría,,,
2025-01-23,COMPRA SUPERMERCADO CL,21100.0,Supermercado,Sin categoría,,,
2025-01-24,COMPRA TUU*TRANSPOR CL,6500.0,Sin categoría,Sin categoría,,,
2025-01-27,COMPRA SUPERMERCADO CL,3450.0,Supermercado,Sin categoría,,,
2025-01-27,COMPRA AGROFOOD     CL,5000.0,Sin categoría,Sin categoría,,,
2025-01-27,COMPRA FERRETERIA N CL,7500.0,Ferretería,Sin categoría,,,
2025-01-27,TEF BANCOESTADO A INOSTROZA CANALES,20000.0,Mano obra HotBoat daniel,Sin categoría,,,
2025-01-27,COMPRA SUPERMERCADO CL,5950.0,Supermercado,Sin categoría,,,
2025-01-27,COMPRA SUPERMERCADO CL,1900.0,Supermercado,Sin categoría,,,
2025-01-27,COMPRA SUPERMERCADO CL,7317.0,Supermercado,Sin categoría,,,
2025-01-28,COMPRA MP     *FERR CL,92000.0,Sin categoría,Sin categoría,,,
2025-01-29,COMPRA SODIMAC VILL CL,144440.0,Ferretería,Sin categoría,,,
2025-01-29,COMPRA SUPERMERCADO CL,10720.0,Supermercado,Sin categoría,,,
2025-01-29,WEB MERPAGO*DISTRIBUID,19080.0,Pagos Digitales,Sin categoría,,,
2025-01-30,COMPRA UNIMARC PUCO CL,167690.0,Supermercado,Sin categoría,,,
2025-01-30,MERPAGO,1375.0,Pagos Digitales,Sin categoría,,,
2025-01-30,COMPRA MORA         CL,14960.0,Sin categoría,Sin categoría,,,
2025-01-30,COMPRA LIBRERIA VER CL,2500.0,Otros,Sin categoría,,,
2025-01-30,COMPRA MERPAGO*CONS CL,725.0,Pagos Digitales,Sin categoría,,,
2025-01-30,COMPRA COPEC ASISTI CL,60605.0,Combustible,Sin categoría,,,
2025-01-30,TEF A MG DISENO LIMITADA,60000.0,Sin categoría,Sin categoría,,,
2025-01-30,TEF A QUIMICA ANDINA CHILE SA,144282.0,Sin categoría,Sin categoría,,,
2025-01-30,COMPRA SUMUP * SUSA CL,5900.0,Pagos Digitales,Sin categoría,,,
2025-01-31,COMPRA SUPERMERCADO CL,4290.0,Supermercado,Sin categoría,,,
2025-02-03,COMPRA SUPERMERCADO CL,1900.0,Supermercado,Sin categoría,,,
2025-02-03,COMPRA SUPERMERCADO CL,3150.0,Supermercado,Sin categoría,,,
2025-02-03,TEF BANCOESTADO A  MUNOZ CUCHA BAST,13000.0,Gas,Costos Variables,,,
2025-02-04,COMPRA SUPERMERCADO CL,16320.0,Supermercado,Sin categoría,,,
2025-02-04,COMPRA SUPERMERCADO CL,4333.0,Supermercado,Sin categoría,,,
2025-02-04,COMPRA FERRETERIA N CL,50800.0,Ferretería,Sin categoría,,,
2025-02-05,COMPRA SUPERMERCADO CL,3800.0,Supermercado,Sin categoría,,,
2025-02-06,COMPRA DOBLE RR CON CL,62060.0,Sin categoría,Sin categoría,,,
2025-02-06,COMPRA DOBLE RR CON CL,44779.0,Sin categoría,Sin categoría,,,
2025-02-06,COMPRA SERVITECA DA CL,20000.0,Sin categoría,Sin categoría,,,
2025-02-06,COMPRA MEC-SUR SUCU CL,34000.0,Sin categoría,Sin categoría,,,
2025-02-06,COMPRA COMERCIALIZA CL,2400.0,Sin categoría,Sin categoría,,,
2025-02-06,TEF A ROJAS PRADO RENT A CAR SPA,6500.0,Sin categoría,Sin categoría,,,
2025-02-06,COMPRA EXPRESS VILL CL,41773.0,Sin categoría,Sin categoría,,,
2025-02-07,COMPRA SUPERMERCADO CL,1900.0,Supermercado,Sin categoría,,,
2025-02-07,WEB MERPAGO*MERCADOLIB,14950.0,Pagos Digitales,Sin categoría,,,
2025-02-10,TEF BANCOESTADO A  MUNOZ CUCHA BAST,87000.0,Gas,Costos Variables,,,
2025-02-10,COMPRA SUPERMERCADO CL,72157.0,Supermercado,Sin categoría,,,
2025-02-10,COMPRA SUPERMERCADO CL,1900.0,Supermercado,Sin categoría,,,
2025-02-10,COMPRA PUCON        CL,14600.0,Sin categoría,Sin categoría,,,
2025-02-10,COMPRA MERPAGO*LUIS CL,29000.0,Pagos Digitales,Sin categoría,,,
2025-02-10,TEF BANCOESTADO A  SAFE TRAVELER TI,196000.0,Sin categoría,Sin categoría,,,
2025-02-10,COMPRA SUPERMERCADO CL,2990.0,Supermercado,Sin categoría,,,
2025-02-10,COMPRA SUPERMERCADO CL,7750.0,Supermercado,Sin categoría,,,
2025-02-11,COMPRA SUPERMERCADO CL,4475.0,Supermercado,Sin categoría,,,
2025-02-12,TEF A DAMJANIC SILVA TOMAS ANDREAS,600000.0,Sin categoría,Sin categoría,,,
2025-02-12,MERPAGO,2350.0,Pagos Digitales,Sin categoría,,,
2025-02-12,COMPRA SUPERMERCADO CL,68351.0,Supermercado,Sin categoría,,,
2025-02-13,COMPRA IMPORTADORA  CL,5000.0,Importaciones,Sin categoría,,,
2025-02-13,COMPRA SUPERMERCADO CL,3800.0,Supermercado,Sin categoría,,,
2025-02-13,COMPRA TURBUS   EGT CL,5780.0,Sin categoría,Sin categoría,,,
2025-02-13,COMPRA IMPORTADORA  CL,12980.0,Importaciones,Sin categoría,,,
2025-02-13,COMPRA UNIMARC PUCO CL,29221.0,Supermercado,Sin categoría,,,
2025-02-14,COMPRA SUPERMERCADO CL,12900.0,Supermercado,Sin categoría,,,
2025-02-17,COMPRA MP     *FERR CL,94000.0,Sin categoría,Sin categoría,,,
2025-02-17,WEB MERPAGO*DISTRIBUID,34170.0,Pagos Digitales,Sin categoría,,,
2025-02-17,COMPRA SUPERMERCADO CL,8090.0,Supermercado,Sin categoría,,,
2025-02-17,TEF BANCOESTADO A INOSTROZA CANALES,200000.0,Mano obra HotBoat daniel,Sin categoría,,,
2025-02-17,COMPRA SUPERMERCADO CL,3800.0,Supermercado,Sin categoría,,,
2025-02-18,COMPRA MERPAGO*MARI CL,7900.0,Pagos Digitales,Sin categoría,,,
2025-02-18,COMPRA ELECTRO LED  CL,16990.0,Sin categoría,Sin categoría,,,
2025-02-18,COMPRA IMPORTADORA  CL,75400.0,Importaciones,Sin categoría,,,
2025-02-18,COMPRA SODIMAC VILL CL,45729.0,Ferretería,Sin categoría,,,
2025-02-18,COMPRA SUPERMERCADO CL,10450.0,Supermercado,Sin categoría,,,
2025-02-18,COMPRA COPEC ASISTI CL,76858.0,Combustible,Sin categoría,,,
2025-02-18,TEF A KUPFER HERMANOS SA,35000.0,Ferretería,Sin categoría,,,
2025-02-18,TEF BANCOESTADO A ABARCA MUNOZ CAMI,42000.0,Sin categoría,Sin categoría,,,
2025-02-18,COMPRA MERPAGO*EMER CL,4500.0,Pagos Digitales,Sin categoría,,,
2025-02-18,COMPRA HAULMER*MUFI CL,440.0,Sin categoría,Sin categoría,,,
2025-02-19,COMPRA MERPAGO*FERR CL,29000.0,Pagos Digitales,Sin categoría,,,
2025-02-19,COMPRA AGROFOOD     CL,3000.0,Sin categoría,Sin categoría,,,
2025-02-21,TEF A ROJAS PRADO LUIS ALEJANDRO,40000.0,Sin categoría,Sin categoría,,,
2025-02-21,COMPRA UNIMARC PUCO CL,40090.0,Supermercado,Sin categoría,,,
2025-02-21,COMPRA IMPORTADORA  CL,14570.0,Importaciones,Sin categoría,,,
2025-02-24,TEF BANCOESTADO A  AGUIRRE PAILLALE,2500.0,Remuneraciones,Sin categoría,,,
2025-02-24,COMPRA MERPAGO*SOCI CL,43000.0,Pagos Digitales,Sin categoría,,,
2025-02-25,TEF BANCOESTADO A  AGUIRRE PAILLALE,3000.0,Remuneraciones,Sin categoría,,,
2025-02-25,COMPRA MP     *FERR CL,98000.0,Sin categoría,Sin categoría,,,
2025-02-26,TEF BANCOESTADO A  MUNOZ CUCHA BAST,98000.0,Gas,Costos Variables,,,
2025-02-27,TEF A RUT 77725222-4,12000.0,Sin categoría,Sin categoría,,,
2025-02-28,TEF BANCOESTADO A  AGUIRRE PAILLALE,15000.0,Remuneraciones,Sin categoría,,,
2025-03-03,COMPRA SUPERMERCADO CL,2500.0,Supermercado,Sin categoría,,,
2025-03-03,TEF BANCOESTADO A  AGUIRRE PAILLALE,35000.0,Remuneraciones,Sin categoría,,,
2025-03-03,COMPRA SUPERMERCADO CL,15199.0,Supermercado,Sin categoría,,,
2025-03-05,TEF BANCOESTADO A QUIROGA TORO PILA,250000.0,Arriendo,Costos Fijos,,,
2025-03-05,TEF BANCOESTADO A INOSTROZA CANALES,500000.0,Mano obra HotBoat daniel,Sin categoría,,,
2025-03-06,COMPRA MERCADOPAGO* CL,15673.0,Pagos Digitales,Sin categoría,,,
2025-03-06,COMPRA MERCADO MARI CL,1400.0,Sin categoría,Sin categoría,,,
2025-03-06,TEF BANCOESTADO A QUIROGA TORO PILA,250000.0,Arriendo,Costos Fijos,,,
2025-03-06,TEF BANCOESTADO A  AGUIRRE PAILLALE,40000.0,Remuneraciones,Sin categoría,,,
2025-03-06,TEF A COWORK PUCON SPA,30000.0,Sin categoría,Sin categoría,,,
2025-03-10,COMPRA GOLD LUK BAR CL,14000.0,Sin categoría,Sin categoría,,,
2025-03-10,COMPRA LIBRERIA VER CL,3050.0,Otros,Sin categoría,,,
2025-03-10,COMPRA FERRETERIA E CL,24559.0,Ferretería,Sin categoría,,,
2025-03-10,COMPRA IMPORTADORA  CL,9200.0,Importaciones,Sin categoría,,,
2025-03-10,COMPRA SUPERMERCADO CL,38166.0,Supermercado,Sin categoría,,,
2025-03-10,COMPRA SUPERMERCADO CL,1350.0,Supermercado,Sin categoría,,,
2025-03-10,COMPRA SUPERMERCADO CL,5700.0,Supermercado,Sin categoría,,,
2025-03-10,TEF BANCOESTADO A  AGUIRRE PAILLALE,5000.0,Remuneraciones,Sin categoría,,,
2025-03-10,COMPRA FERRETERIA E CL,5000.0,Ferretería,Sin categoría,,,
2025-03-11,COMPRA MERPAGO*SOC  CL,1525.0,Pagos Digitales,Sin categoría,,,
2025-03-11,COMPRA FERRETERIA E CL,3890.0,Ferretería,Sin categoría,,,
2025-03-11,COMPRA SUPERMERCADO CL,17103.0,Supermercado,Sin categoría,,,
2025-03-11,COMPRA SUPERMERCADO CL,6520.0,Supermercado,Sin categoría,,,
2025-03-11,TEF BANCOESTADO A  AGUIRRE PAILLALE,15000.0,Remuneraciones,Sin categoría,,,
2025-03-11,COMPRA SUMUP * SUSA CL,3550.0,Pagos Digitales,Sin categoría,,,
2025-03-12,TEF BANCOESTADO A  VERGARA SEGUEL M,38000.0,Sin categoría,Sin categoría,,,
2025-03-12,TEF BANCOESTADO A  AGUIRRE PAILLALE,52000.0,Remuneraciones,Sin categoría,,,
2025-03-13,TEF A CASTRO MARTINEZ MARTA NOEMI,17000.0,Sin categoría,Sin categoría,,,
2025-03-13,TEF BANCOESTADO A  AGUIRRE PAILLALE,25000.0,Remuneraciones,Sin categoría,,,
2025-03-14,TEF A DAMJANIC SILVA TOMAS ANDREAS,1900000.0,Sin categoría,Sin categoría,,,
2025-03-14,TEF A ROJO SEPULVEDA DENISSE BELEN,35660.0,Sin categoría,Sin categoría,,,
2025-03-17,TEF BANCOESTADO A  AGUIRRE PAILLALE,25000.0,Remuneraciones,Sin categoría,,,
2025-03-21,TEF BANCOESTADO A  AGUIRRE PAILLALE,30000.0,Remuneraciones,Sin categoría,,,
2025-03-24,TEF BANCOESTADO A  AGUIRRE PAILLALE,10000.0,Remuneraciones,Sin categoría,,,
2025-03-31,COMPRA PUCON        CL,3590.0,Sin categoría,Sin categoría,,,
2025-03-31,TEF BANCOESTADO A OCAMPO BUENO CARL,50000.0,Sin categoría,Sin categoría,,,
2025-03-31,TEF BANCOESTADO A  AGUIRRE PAILLALE,15000.0,Remuneraciones,Sin categoría,,,
2025-04-08,TEF A QUIMICA ANDINA CHILE SA,87162.0,Sin categoría,Sin categoría,,,
2025-04-08,GIRO POR REDBANC 08/04 11:20,10000.0,Sin categoría,Sin categoría,,,
2025-04-09,GIRO POR REDBANC 09/04 10:24,15000.0,Sin categoría,Sin categoría,,,
2025-04-09,COMPRA IMPORTADORA  CL,6500.0,Importaciones,Sin categoría,,,
2025-04-14,TEF BANCOESTADO A  AGUIRRE PAILLALE,28000.0,Remuneraciones,Sin categoría,,,
2025-04-14,TEF BANCOESTADO A  AGUIRRE PAILLALE,27000.0,Remuneraciones,Sin categoría,,,
2025-04-15,TEF BANCOESTADO A  AGUIRRE PAILLALE,25000.0,Remuneraciones,Sin categoría,,,
2025-04-16,TEF A DAMJANIC SILVA TOMAS ANDREAS,564180.0,Sin categoría,Sin categoría,,,
2025-04-16,TEF BANCOESTADO A  AGUIRRE PAILLALE,25000.0,Remuneraciones,Sin categoría,,,
2025-04-21,TEF BANCOESTADO A  AGUIRRE PAILLALE,65000.0,Remuneraciones,Sin categoría,,,
2025-04-21,TEF BANCOESTADO A  AGUIRRE PAILLALE,30000.0,Remuneraciones,Sin categoría,,,
2025-04-21,TEF CAJA VECINA SOCIEDAD COMERCIAL,35230.0,Sin categoría,Sin categoría,,,
2025-04-23,TEF A RUT 77184211-9,250000.0,Poleras,Sin categoría,,,
2025-04-23,TEF A VEGA MOLINA VICTOR MIGUEL,13585.0,Sin categoría,Sin categoría,,,
2025-04-23,TEF A PLASTIQUIMICA SOCIEDAD INDUST,36819.0,Sin categoría,Sin categoría,,,
2025-04-23,TEF A RUT 77184211-9,62944.0,Poleras,Sin categoría,,,
2025-04-23,TEF BANCOESTADO A  AGUIRRE PAILLALE,25000.0,Remuneraciones,Sin categoría,,,
2025-04-30,TEF BANCOESTADO A INOSTROZA CANALES,20000.0,Mano obra HotBoat daniel,Sin categoría,,,
2025-04-30,TEF A ROJO SEPULVEDA DENISSE BELEN,64060.0,Sin categoría,Sin categoría,,,
2025-04-30,TEF BANCOESTADO A  AGUIRRE PAILLALE,15000.0,Remuneraciones,Sin categoría,,,
2025-02-26,FACEBK*,30352.5,Publicidad Meta,Costos de Marketing,IRLANDA,31.95,
2025-02-25,FiverrEU,283033.5,Sin categoría,Sin categoría,CHIPRE,297.93,
2025-02-24,FLIPSKY.NET,499700.0,Motores HotBoat,Sin categoría,FRANCIA,526.0,
2025-02-17,FACEBK*,11960.5,Publicidad Meta,Costos de Marketing,IRLANDA,12.59,
2025-02-17,www.aliexpress.com,81700.0,Compras Internacionales,Inversión en Activos,REINO UNIDO,86.0,
2025-02-12,www.aliexpress.com,24586.0,Compras Internacionales,Inversión en Activos,REINO UNIDO,25.88,
2025-02-11,www.aliexpress.com,18183.0,Compras Internacionales,Inversión en Activos,REINO UNIDO,19.14,
2025-02-11,FACEBK*,27094.0,Publicidad Meta,Costos de Marketing,IRLANDA,28.52,
2025-02-08,FACEBK*,24576.5,Publicidad Meta,Costos de Marketing,IRLANDA,25.87,
2025-02-06,www.aliexpress.com,95237.5,Compras Internacionales,Inversión en Activos,REINO UNIDO,100.25,
2025-02-05,FACEBK*,22182.5,Publicidad Meta,Costos de Marketing,IRLANDA,23.35,
2025-02-04,ENVATO *70023600,64362.5,Sin categoría,Sin categoría,ESTADOS UNIDOS,67.75,
2025-02-02,FACEBK*,19921.5,Publicidad Meta,Costos de Marketing,IRLANDA,20.97,
2025-02-01,FACEBK*,18116.5,Publicidad Meta,Costos de Marketing,IRLANDA,19.07,
2025-02-01,FACEBK*,16463.5,Publicidad Meta,Costos de Marketing,IRLANDA,17.33,
2025-01-31,FACEBK*,14934.0,Publicidad Meta,Costos de Marketing,IRLANDA,15.72,
2025-01-31,ALIEXPRESS.COM,36651.0,Compras Internacionales,Inversión en Activos,REINO UNIDO,38.58,
2025-01-30,FACEBK*,9880.0,Publicidad Meta,Costos de Marketing,IRLANDA,10.4,
2025-01-29,FACEBK*,6583.5,Publicidad Meta,Costos de Marketing,IRLANDA,6.93,
2025-01-23,FACEBK*,4398.5,Publicidad Meta,Costos de Marketing,IRLANDA,4.63,
2025-01-22,FACEBK*,2897.5,Publicidad Meta,Costos de Marketing,IRLANDA,3.05,
2025-01-21,FACEBK*,1938.0,Publicidad Meta,Costos de Marketing,IRLANDA,2.04,
2025-01-20,www.aliexpress.com,20415.5,Compras Internacionales,Inversión en Activos,REINO UNIDO,21.49,
2025-01-20,FACEBK*,1919.0,Publicidad Meta,Costos de Marketing,IRLANDA,2.02,
2025-01-20,www.aliexpress.com,17195.0,Compras Internacionales,Inversión en Activos,REINO UNIDO,18.1,
2025-01-19,FACEBK*,1919.0,Publicidad Meta,Costos de Marketing,IRLANDA,2.02,
2025-01-18,www.aliexpress.com,8721.0,Compras Internacionales,Inversión en Activos,REINO UNIDO,9.18,
2025-01-18,FACEBK*,1919.0,Publicidad Meta,Costos de Marketing,IRLANDA,2.02,
2025-01-14,ALIEXPRESS.COM ALIE,73121.5,Compras Internacionales,Inversión en Activos,REINO UNIDO,76.97,
2025-01-12,www.aliexpress.com,10060.5,Compras Internacionales,Inversión en Activos,REINO UNIDO,10.59,
2025-01-12,www.aliexpress.com,44621.5,Compras Internacionales,Inversión en Activos,REINO UNIDO,46.97,
2025-01-05,www.aliexpress.com,23607.5,Compras Internacionales,Inversión en Activos,REINO UNIDO,24.85,
2025-01-05,ALIEXPRESS.COM,40232.5,Compras Internacionales,Inversión en Activos,REINO UNIDO,42.35,
2025-01-05,ALIEXPRESS.COM ALIE,30476.0,Compras Internacionales,Inversión en Activos,REINO UNIDO,32.08,
2025-03-20,www.aliexpress.com,18696.0,Compras Internacionales,Inversión en Activos,REINO UNIDO,19.68,
2025-03-20,ALIEXPRESS,111406.5,Compras Internacionales,Inversión en Activos,REINO UNIDO,117.27,
2025-03-20,www.aliexpress.com,34399.5,Compras Internacionales,Inversión en Activos,REINO UNIDO,36.21,
2025-03-19,LIME*2 VIAJES XZXS,3733.5,Sin categoría,Sin categoría,ESTADOS UNIDOS,3.93,
2025-03-17,FACEBK *YW4S9MQE42,2565.0,Publicidad Meta,Costos de Marketing,IRLANDA,2.7,
2025-03-17,FACEBK *4M2MYJCF42,8464.5,Publicidad Meta,Costos de Marketing,IRLANDA,8.91,
2025-03-12,FACEBK *H4RFZLQE42,49362.0,Publicidad Meta,Costos de Marketing,IRLANDA,51.96,
2025-03-10,FLIPSKY.NET,42750.0,Motores HotBoat,Sin categoría,FRANCIA,45.0,
2025-03-08,Kindle Svcs*UM6UP53,940.5,Sin categoría,Sin categoría,ESTADOS UNIDOS,0.99,
2025-03-06,FACEBK *LXL4NJLE42,45058.5,Publicidad Meta,Costos de Marketing,IRLANDA,47.43,
2025-03-05,FLIPSKY.NET,28500.0,Motores HotBoat,Sin categoría,FRANCIA,30.0,
2025-03-03,FACEBK*,39748.0,Publicidad Meta,Costos de Marketing,IRLANDA,41.84,
2025-02-28,FACEBK*,36442.0,Publicidad Meta,Costos de Marketing,IRLANDA,38.36,
2025-02-26,FACEBK *QPTS7JLE42,33383.0,Publicidad Meta,Costos de Marketing,IRLANDA,35.14,
2025-02-26,FiverrEU,13870.0,Sin categoría,Sin categoría,CHIPRE,14.6,
2025-04-17,FACEBK *QBSV8L4F42,51528.0,Publicidad Meta,Costos de Marketing,IRLANDA,54.24,
2025-04-16,www.aliexpress.com,117695.5,Compras Internacionales,Inversión en Activos,REINO UNIDO,123.89,
2025-04-02,www.aliexpress.com,19152.0,Compras Internacionales,Inversión en Activos,REINO UNIDO,20.16,
2025-04-02,VIATOR LIMITED,27550.0,Otros,Sin categoría,REINO UNIDO,29.0,
2025-03-29,FACEBK *3APWXMQE42,53513.5,Publicidad Meta,Costos de Marketing,IRLANDA,56.33,
2025-05-24,www.aliexpress.com,47405.0,Compras Internacionales,Inversión en Activos,REINO UNIDO,49.9,
2025-05-24,www.aliexpress.com,8027.499999999999,Compras Internacionales,Inversión en Activos,REINO UNIDO,8.45,
2025-05-19,ANTHROPIC,5652.5,Sin categoría,Sin categoría,ESTADOS UNIDOS,5.95,
2025-05-18,PADDLE.NET* CHATBOT,18990.5,Sin categoría,Sin categoría,REINO UNIDO,19.99,
2025-05-17,FACEBK *C62DENGF42,3040.0,Publicidad Meta,Costos de Marketing,IRLANDA,3.2,
2025-05-17,FACEBK *4LXG6PLE42,39738.5,Publicidad Meta,Costos de Marketing,IRLANDA,41.83,
2025-05-13,www.aliexpress.com,44802.0,Compras Internacionales,Inversión en Activos,REINO UNIDO,47.16,
2025-05-12,www.aliexpress.com,178562.0,Compras Internacionales,Inversión en Activos,REINO UNIDO,187.96,
2025-05-08,FACEBK *6E2LPM4F42,59004.5,Publicidad Meta,Costos de Marketing,IRLANDA,62.11,
2025-04-25,www.aliexpress.com,50540.0,Compras Internacionales,Inversión en Activos,REINO UNIDO,53.2,
2025-05-14,DEVOL. SOBREABONO,275395.5,Sin categoría,Sin categoría,,289.89,
2025-02-25,SUPERMERCADO IBACAC CURARREHUE,22234.0,Supermercado,Sin categoría,,,01/01
2025-02-25,SUPERMERCADO IBACAC CURARREHUE,7530.0,Supermercado,Sin categoría,,,01/01
2025-02-23,SUPERMERCADO CATRIP CURARREHUE,7250.0,Supermercado,Sin categoría,,,01/01
2025-02-20,SUPERMERCADO IBACAC CURARREHUE,13450.0,Supermercado,Sin categoría,,,01/01
2025-02-19,MERCADOPAGO*AUTOPLA LAS CONDES,29400.0,Pagos Digitales,Sin categoría,,,01/01
2025-02-17,ENTEL PCS PAGO EN L SANTIAGO,13873.0,Telefonía,Sin categoría,,,01/01
2025-02-17,SUPERMERCADO CATRIP CURARREHUE,5100.0,Supermercado,Sin categoría,,,01/01
2025-02-17,SUPERMERCADO ELTIT PUCON,73899.0,Supermercado,Sin categoría,,,01/01
2025-02-16,SUPERMERCADO IBACAC CURARREHUE,3990.0,Supermercado,Sin categoría,,,01/01
2025-02-15,MAGRITTE CIDER SANTIAGO,8000.0,Sin categoría,Sin categoría,,,01/01
2025-02-12,MERCADOPAGO*ALIPAYS LAS CONDES,24896.0,Pagos Digitales,Sin categoría,,,01/01
2025-02-12,"EBEST CL TASA INT. 0,00%",38833.0,Sin categoría,Sin categoría,,,01/12
2025-02-10,MATUCANA 25 SANTIAGO,365265.0,Sin categoría,Sin categoría,,,01/01
2025-02-04,BICE VIDA PAT SANTIAGO,19142.0,Seguros,Costos Fijos,,,01/01
2025-02-03,SUPERMERCADO IBACAC CURARREHUE,1350.0,Supermercado,Sin categoría,,,01/01
2025-02-03,MERPAGO*BAZO SPA BA SANTIAGO,4000.0,Pagos Digitales,Sin categoría,,,01/01
2025-02-02,LOS PEQUES PUCON,5350.0,Sin categoría,Sin categoría,,,01/01
2025-02-01,SUPERMERCADO IBACAC CURARREHUE,1900.0,Supermercado,Sin categoría,,,01/01
2025-01-31,IMPORTADORA DRAGON PUCON,17700.0,Importaciones,Sin categoría,,,01/01
2025-01-31,PASS LINE LTDA SANTIAGO,29900.0,Sin categoría,Sin categoría,,,01/01
2025-01-29,MERPAGO*FENELHOMME VILLARRICA,1200.0,Pagos Digitales,Sin categoría,,,01/01
2024-09-06,"MERCADOPAGO*MERCADO TASA INT. 0,00%",5065.0,Pagos Digitales,Sin categoría,,,06/06
2024-09-04,"MP *MERCADO LIB TASA INT. 0,00%",24153.0,Sin categoría,Sin categoría,,,06/06
2025-02-26,"IMPUESTO DECRETO LEY 3475 TASA 0,066%",1015.0,Sin categoría,Sin categoría,,,01/01
2025-02-14,"IMPUESTO DECRETO LEY 3475 TASA 0,792%",3691.0,Sin categoría,Sin categoría,,,01/01
2025-01-29,MERCADOPAGO*ALIPAYS LAS CONDES,56932.0,Pagos Digitales,Sin categoría,,,01/01
2025-01-28,CANVA LAS CONDES,18000.0,Otros,Sin categoría,,,01/01
2025-01-26,MERCADOPAGO*ALIPAYS LAS CONDES,176312.0,Pagos Digitales,Sin categoría,,,01/01
2025-01-24,SUPERMERCADO IBACAC CURARREHUE,8340.0,Supermercado,Sin categoría,,,01/01
2025-01-23,SUELO NATIVO CURARREHUE,24750.0,Sin categoría,Sin categoría,,,01/01
2025-01-22,SumUp * Luis Ignaci Pucon,12790.0,Pagos Digitales,Sin categoría,,,01/01
2025-01-22,MERCADOPAGO*ALIPAYS LAS CONDES,42791.0,Pagos Digitales,Sin categoría,,,01/01
2025-01-22,ENTEL PCS PAGO EN L SANTIAGO,13192.0,Telefonía,Sin categoría,,,01/01
2025-01-21,KRAKEN PESCADOS Y M CAUTIN,8140.0,Sin categoría,Sin categoría,,,01/01
2025-01-20,AFUNAYUN PUCON,8250.0,Alimentos,Sin categoría,,,01/01
2025-01-20,MERPAGO*MORIJAHOLDI SANTIAGO,17000.0,Pagos Digitales,Sin categoría,,,01/01
2025-01-19,MERPAGO*SERVICIOS D PUCON,5500.0,Pagos Digitales,Sin categoría,,,01/01
2025-01-19,MERPAGO*SERVICIOS D PUCON,15000.0,Pagos Digitales,Sin categoría,,,01/01
2025-01-18,MERCADOPAGO*2PRODUC LAS CONDES,97980.0,Pagos Digitales,Sin categoría,,,01/01
2025-01-15,FERRETERIA ELTIT PUCON,5560.0,Ferretería,Sin categoría,,,01/01
2025-01-15,SUPERMERCADO PUCON PUCON,35032.0,Supermercado,Sin categoría,,,01/01
2025-01-15,LA CHACRA PUCON,7257.0,Sin categoría,Sin categoría,,,01/01
2025-01-14,SUPERMERCADO IBACAC CURARREHUE,4195.0,Supermercado,Sin categoría,,,01/01
2025-01-14,MERPAGO*MABEL ROXAN CHIGUAYANTE,16200.0,Pagos Digitales,Sin categoría,,,01/01
2025-01-13,AFUNAYUN PUCON,10450.0,Alimentos,Sin categoría,,,01/01
2025-01-13,VILLARICA VILLARRICA,157204.0,Sin categoría,Sin categoría,,,01/01
2025-01-13,SODIMAC VILLARRICA VILLARRICA,71602.0,Ferretería,Sin categoría,,,01/01
2025-01-12,EBEST SPA SANTIAGO,116991.0,Sin categoría,Sin categoría,,,01/01
2025-01-12,SUPERMERCADO IBACAC CURARREHUE,2380.0,Supermercado,Sin categoría,,,01/01
2025-01-12,MERCADOPAGO*TITANIO LAS CONDES,19882.0,Pagos Digitales,Sin categoría,,,01/01
2025-01-11,MP *FERRETERIA SANTIAGO,92000.0,Ferretería,Sin categoría,,,01/01
2025-01-11,MERPAGO*HOTBOAT LAS CONDES,5000.0,Pagos Digitales,Sin categoría,,,01/01
2025-01-10,MERPAGO*HOTBOATMERC LAS CONDES,500.0,Pagos Digitales,Sin categoría,,,01/01
2025-01-10,FLOW *PORTALDISC SANTIAGO,22000.0,Sin categoría,Sin categoría,,,01/01
2025-01-10,UNIMARC PUCON PUCON,103160.0,Supermercado,Sin categoría,,,01/01
2025-01-09,AGROFOOD 11001SANTIAG,5000.0,Sin categoría,Sin categoría,,,01/01
2025-01-09,SUPERMERCADO CATRIP CURARREHUE,5900.0,Supermercado,Sin categoría,,,01/01
2025-01-08,SumUp * Luis Ignaci Pucon,13180.0,Pagos Digitales,Sin categoría,,,01/01
2025-01-08,SUPERMERCADO PUCON PUCON,37361.0,Supermercado,Sin categoría,,,01/01
2025-01-08,FERRETERIA ELTIT PUCON,20490.0,Ferretería,Sin categoría,,,01/01
2025-01-08,LIBRERIA VERGARA CAUTIN,1000.0,Otros,Sin categoría,,,01/01
2025-01-08,IMPORTADORA Y EXPOR CAUTIN,19580.0,Importaciones,Sin categoría,,,01/01
2025-01-08,SOCIEDAD INVERSIONE CAUTIN,37101.0,Sin categoría,Sin categoría,,,01/01
2025-01-06,SOCIEDAD INVERSIONE CAUTIN,3930.0,Sin categoría,Sin categoría,,,01/01
2025-01-06,YANVAL PUCON,1500.0,Sin categoría,Sin categoría,,,01/01
2025-01-05,COPEC ASISTIDO LAS CONDES,57843.0,Combustible,Sin categoría,,,01/01
2025-01-05,SUPERMERCADO IBACAC CURARREHUE,6110.0,Supermercado,Sin categoría,,,01/01
2025-01-03,BICE VIDA PAT SANTIAGO,19170.0,Seguros,Costos Fijos,,,01/01
2025-01-03,MERPAGO*FERRETERIA CURARREHUE,21000.0,Ferretería,Sin categoría,,,01/01
2025-01-02,FERRETERIA NATO CURARREHUE,6820.0,Ferretería,Sin categoría,,,01/01
2024-12-31,SUPERMERCADO IBACAC CURARREHUE,2400.0,Supermercado,Sin categoría,,,01/01
2024-12-30,SUPERMERCADO IBACAC CURARREHUE,6550.0,Supermercado,Sin categoría,,,01/01
2024-12-30,SUPERMERCADO PUCON PUCON,85711.0,Supermercado,Sin categoría,,,01/01
2024-12-30,FERRETERIA ELTIT PUCON,8178.0,Ferretería,Sin categoría,,,01/01
2024-12-29,SUPERMERCADO IBACAC CURARREHUE,6671.0,Supermercado,Sin categoría,,,01/01
2024-12-28,CANVA LAS CONDES,18000.0,Otros,Sin categoría,,,01/01
2024-12-27,SUPERMERCADO IBACAC CURARREHUE,4140.0,Supermercado,Sin categoría,,,01/01
2024-12-27,SUPERMERCADO IBACAC CURARREHUE,5000.0,Supermercado,Sin categoría,,,01/01
2024-12-26,SUPERMERCADO IBACAC CURARREHUE,7000.0,Supermercado,Sin categoría,,,01/01
2024-12-26,SUPERMERCADO IBACAC CURARREHUE,5920.0,Supermercado,Sin categoría,,,01/01
2024-09-04,"MP *MERCADO LIB TASA INT. 0,00%",24148.0,Sin categoría,Sin categoría,,,05/06
2025-03-25,EXPRESS MARKET VILLARRICA,13500.0,Sin categoría,Sin categoría,,,01/01
2025-03-25,HAULMER*EXITO RS SANTIAGO,4350.0,Sin categoría,Sin categoría,,,01/01
2025-03-25,SUPERMERCADO IBACAC CURARREHUE,5960.0,Supermercado,Sin categoría,,,01/01
2025-03-25,HAULMER*EXITO RS SANTIAGO,10900.0,Sin categoría,Sin categoría,,,01/01
2025-03-23,SUPERMERCADO PUCON PUCON,14009.0,Supermercado,Sin categoría,,,01/01
2025-03-22,SUMUP * LUIS IGNACI PUCON,6870.0,Pagos Digitales,Sin categoría,,,01/01
2025-03-22,COPEC ASISTIDO LAS CONDES,64664.0,Combustible,Sin categoría,,,01/01
2025-03-22,SUPERMERCADO PUCON PUCON,117059.0,Supermercado,Sin categoría,,,01/01
2025-03-22,CLUB DE PADEL LA PO CAUTIN,12000.0,Sin categoría,Sin categoría,,,01/01
2025-03-20,DLOCAL *GOOGLE ADS SANTIAGO,10000.0,Publicidad Google,Costos de Marketing,,,01/01
2025-03-20,FERRETERIA NATO CURARREHUE,10000.0,Ferretería,Sin categoría,,,01/01
2025-03-20,SUPERMERCADO IBACAC CURARREHUE,1500.0,Supermercado,Sin categoría,,,01/01
2025-03-20,SUPERMERCADO IBACAC CURARREHUE,5900.0,Supermercado,Sin categoría,,,01/01
2025-03-20,VENTAS DE FRUTAS Y CAUTIN,1530.0,Sin categoría,Sin categoría,,,01/01
2025-03-18,UNIMARC PUCON PUCON,7440.0,Supermercado,Sin categoría,,,01/01
2025-03-17,PAYU *UBER TRIP SANTIAGO,15384.0,Transporte,Sin categoría,,,01/01
2025-03-17,SALCOBRAND AV.SANTA SANTIAGO,24422.0,Sin categoría,Sin categoría,,,01/01
2025-03-17,RECORRIDO SANTIAGO,22430.0,Sin categoría,Sin categoría,,,01/01
2025-03-17,"MERCADO PAGO 4 TCOM TASA INT. 0,00%",89791.0,Sin categoría,Sin categoría,,,01/06
2025-03-16,PAYU *UBER TRIP SANTIAGO,5309.0,Transporte,Sin categoría,,,01/01
2025-03-16,MOTELAZZO RECOLETA,54000.0,Sin categoría,Sin categoría,,,01/01
2025-03-16,PAYU *UBER EATS SANTIAGO,23070.0,Transporte,Sin categoría,,,01/01
2025-03-14,ENTEL PCS PAGO EN L SANTIAGO,11893.0,Telefonía,Sin categoría,,,01/01
2025-03-13,FLOW *UPS DE CHIL SANTIAGO,90608.0,Sin categoría,Sin categoría,,,01/01
2025-03-12,MORA PUCON,41470.0,Sin categoría,Sin categoría,,,01/01
2025-03-11,COPEC ASISTIDO LAS CONDES,77581.0,Combustible,Sin categoría,,,01/01
2025-03-10,PAPEL PRINT CHILE SANTIAGO,27500.0,Sin categoría,Sin categoría,,,01/01
2025-03-10,COPROCK LIMITADA SANTIAGO,8950.0,Sin categoría,Sin categoría,,,01/01
2025-03-07,MERCADOPAGO*ALIPAYS LAS CONDES,15674.0,Pagos Digitales,Sin categoría,,,01/01
2025-03-06,BPO ADVISORS SPA SANTIAGO,2690.0,Sin categoría,Sin categoría,,,01/01
2025-03-05,BICE VIDA PAT SANTIAGO,19285.0,Seguros,Costos Fijos,,,01/01
2025-03-04,SUPERMERCADO IBACAC CURARREHUE,2094.0,Supermercado,Sin categoría,,,01/01
2025-03-04,JOSE WILSON CAAMANO CAUTIN,8000.0,Sin categoría,Sin categoría,,,01/01
2025-03-04,SUPERMERCADO IBACAC CURARREHUE,840.0,Supermercado,Sin categoría,,,01/01
2025-03-03,AFUNAYUN PUCON,4400.0,Alimentos,Sin categoría,,,01/01
2025-03-03,INVERSIONES LD SPA CAUTIN,4870.0,Sin categoría,Sin categoría,,,01/01
2025-03-03,LIDER.CL TIENDA WEB SANTIAGO,77300.0,Supermercado,Sin categoría,,,01/01
2025-03-03,MERPAGO*BLUEFOX SER SANTIAGO,1825.0,Pagos Digitales,Sin categoría,,,01/01
2025-03-03,MERCADOPAGO*ALIPAYS LAS CONDES,230642.0,Pagos Digitales,Sin categoría,,,01/01
2025-02-27,LIDER.CL TIENDA WEB SANTIAGO,61480.0,Supermercado,Sin categoría,,,01/01
2025-02-26,SumUp * Luis Ignaci Pucon,6450.0,Pagos Digitales,Sin categoría,,,01/01
2025-02-26,BOULEVARD CENTRAL E PUCON,11800.0,Sin categoría,Sin categoría,,,01/01
2025-02-26,MERPAGO*R Y R SPA R PUCON,7550.0,Pagos Digitales,Sin categoría,,,01/01
2025-02-26,MERPAGO*BLUEFOX SER SANTIAGO,1300.0,Pagos Digitales,Sin categoría,,,01/01
2025-02-26,MERPAGO*BLUEFOX SER SANTIAGO,775.0,Pagos Digitales,Sin categoría,,,01/01
2025-03-27,"IMPUESTO DECRETO LEY 3475 TASA 0,066%",1289.0,Sin categoría,Sin categoría,,,01/01
2025-03-27,INTERESES ROTATIVOS,32130.0,Sin categoría,Sin categoría,,,01/01
2025-03-18,"IMPUESTO DECRETO LEY 3475 TASA 0,396%",2133.0,Sin categoría,Sin categoría,,,01/01
2025-03-17,00.ANULACION COMPRA: MERCADOPAGO*MARYC,31990.0,Pagos Digitales,Sin categoría,,,01/01
2025-04-24,FAMILIA UNIDA UYP S CAUTIN,10370.0,Alimentos,Sin categoría,,,01/01
2025-04-24,MERCADOPAGO*PAGOCAM LAS CONDES,54900.0,Pagos Digitales,Sin categoría,,,01/01
2025-04-23,SUPERMERCADO PUCON PUCON,55272.0,Supermercado,Sin categoría,,,01/01
2025-04-23,IMPORTADORA DRAGON PUCON,22600.0,Importaciones,Sin categoría,,,01/01
2025-04-23,RESTAURANT MIZAWUN CAUTIN,7000.0,Sin categoría,Sin categoría,,,01/01
2025-04-22,MERCADOPAGO*FERRETE LAS CONDES,161000.0,Pagos Digitales,Sin categoría,,,01/01
2025-04-22,SUPERMERCADO CATRIP CURARREHUE,2900.0,Supermercado,Sin categoría,,,01/01
2025-04-21,SUPERMERCADO IBACAC CURARREHUE,63566.0,Supermercado,Sin categoría,,,01/01
2025-04-21,ENTEL PCS PAGO EN L SANTIAGO,16990.0,Telefonía,Sin categoría,,,01/01
2025-04-21,SUPERMERCADO CATRIP CURARREHUE,6550.0,Supermercado,Sin categoría,,,01/01
2025-04-20,MERCADOPAGO*NATIVO LAS CONDES,12890.0,Pagos Digitales,Sin categoría,,,01/01
2025-04-18,FERRETERIA ELTIT PUCON,2790.0,Ferretería,Sin categoría,,,01/01
2025-04-18,SUPERMERCADO PUCON PUCON,12679.0,Supermercado,Sin categoría,,,01/01
2025-04-18,PUCON EN FLOR CAUTIN,21000.0,Sin categoría,Sin categoría,,,01/01
2025-04-18,FERRETERIA ELTIT PUCON,49990.0,Ferretería,Sin categoría,,,01/01
2025-04-17,SUPERMERCADO IBACAC CURARREHUE,97000.0,Supermercado,Sin categoría,,,01/01
2025-04-17,SUPERMERCADO IBACAC CURARREHUE,3890.0,Supermercado,Sin categoría,,,01/01
2025-04-17,PASAJEBUS SANTIAGO,22200.0,Sin categoría,Sin categoría,,,01/01
2025-04-17,SUPERMERCADO IBACAC CURARREHUE,7333.0,Supermercado,Sin categoría,,,01/01
2025-04-16,SUPERMERCADO IBACAC CURARREHUE,11250.0,Supermercado,Sin categoría,,,01/01
2025-04-16,LIDER.CL TIENDA WEB SANTIAGO,104430.0,Supermercado,Sin categoría,,,01/01
2025-04-15,PAGO AUTOMATICO,81429.0,Sin categoría,Sin categoría,,,01/01
2025-04-15,PAYU *UBER TRIP SANTIAGO,20142.0,Transporte,Sin categoría,,,01/01
2025-04-15,STARBUCKS PIE ANDIN SANTIAGO,3200.0,Sin categoría,Sin categoría,,,01/01
2025-04-15,DOC POPCORN SANTIAGO,20280.0,Sin categoría,Sin categoría,,,01/01
2025-04-13,DON POLLO ANTOFAGASTA,34000.0,Sin categoría,Sin categoría,,,01/01
2025-04-13,TUU*HAULMER AGREGAD CURICO,10200.0,Sin categoría,Sin categoría,,,01/01
2025-04-13,ANTOFAGASTA / AV GR ANTOFAGASTA,35128.0,Sin categoría,Sin categoría,,,01/01
2025-04-12,PETROBRAS JARDINES ANTOFAGASTA,2560.0,Sin categoría,Sin categoría,,,01/01
2025-04-11,DLOCAL *GOOGLE ADS SANTIAGO,30000.0,Publicidad Google,Costos de Marketing,,,01/01
2025-04-11,PAYU *UBER TRIP SANTIAGO,9730.0,Transporte,Sin categoría,,,01/01
2025-04-11,MINIMARKET Y BOTILL ANTOFAGASTA,27250.0,Sin categoría,Sin categoría,,,01/01
2025-04-10,C. VERDE AV GRECIA4 ANTOFAGASTA,16870.0,Sin categoría,Sin categoría,,,01/01
2025-04-10,PAYU *UBER TRIP SANTIAGO,2216.0,Transporte,Sin categoría,,,01/01
2025-04-10,NIU SUSHI ANTOFAGAS ANTOFAGASTA,59280.0,Sin categoría,Sin categoría,,,01/01
2025-04-09,FAMILIA UNIDA UYP S CAUTIN,35200.0,Alimentos,Sin categoría,,,01/01
2025-04-08,SUPERMERCADO PUCON PUCON,47995.0,Supermercado,Sin categoría,,,01/01
2025-04-08,IMPORTADORA SOL Y L CAUTIN,9000.0,Importaciones,Sin categoría,,,01/01
2025-04-08,TUU*mufin YUMBEL,100.0,Sin categoría,Sin categoría,,,01/01
2025-04-08,AGROFOOD 11001SANTIAG,4800.0,Sin categoría,Sin categoría,,,01/01
2025-04-06,LA VIEJA ESCUELA PUCON,9500.0,Sin categoría,Sin categoría,,,01/01
2025-04-06,ANDIAMO RISTORANTE PUCON,26400.0,Sin categoría,Sin categoría,,,01/01
2025-04-06,COPEC ASISTIDO LAS CONDES,61143.0,Combustible,Sin categoría,,,01/01
2025-04-06,LA VIEJA ESCUELA PUCON,6500.0,Sin categoría,Sin categoría,,,01/01
2025-04-05,PALGUIN ADVENTURE P CAUTIN,7000.0,Sin categoría,Sin categoría,,,01/01
2025-04-04,SUPERMERCADO IBACAC CURARREHUE,12523.0,Supermercado,Sin categoría,,,01/01
2025-04-03,BICE VIDA PAT SANTIAGO,19403.0,Seguros,Costos Fijos,,,01/01
2025-04-03,FAMILIA UNIDA UYP S CAUTIN,19140.0,Alimentos,Sin categoría,,,01/01
2025-04-03,FAMILIA UNIDA UYP S CAUTIN,1970.0,Alimentos,Sin categoría,,,01/01
2025-04-02,FERRETERIA ELTIT PUCON,3640.0,Ferretería,Sin categoría,,,01/01
2025-04-02,LUBRICENTRO TRAPP PUCON,2800.0,Sin categoría,Sin categoría,,,01/01
2025-04-01,DLOCAL *GOOGLE ADS SANTIAGO,29321.0,Publicidad Google,Costos de Marketing,,,01/01
2025-03-31,SUMUP * LUIS IGNACI PUCON,4600.0,Pagos Digitales,Sin categoría,,,01/01
2025-03-31,AFUNAYUN PUCON,11000.0,Alimentos,Sin categoría,,,01/01
2025-03-31,SUPERMERCADO PUCON PUCON,26306.0,Supermercado,Sin categoría,,,01/01
2025-03-31,MERCADOPAGO*ALIPAYS LAS CONDES,48253.0,Pagos Digitales,Sin categoría,,,01/01
2025-03-30,PASAJEBUS SANTIAGO,36300.0,Sin categoría,Sin categoría,,,01/01
2025-03-30,PASAJEBUS SANTIAGO,24100.0,Sin categoría,Sin categoría,,,01/01
2025-03-29,LATAM.COM XP OTRAS SANTIAGO,45074.0,Sin categoría,Sin categoría,,,01/01
2025-03-26,SUMUP * LUIS IGNACI PUCON,1210.0,Pagos Digitales,Sin categoría,,,01/01
2025-04-25,"IMPUESTO DECRETO LEY 3475 TASA 0,066 %",1675.0,Sin categoría,Sin categoría,,,01/01
2025-05-27,UNIMARC PUCON PUCON,15775.0,Supermercado,Sin categoría,,,01/01
2025-05-26,VILLARRICA VILLARRICA,11100.0,Sin categoría,Sin categoría,,,01/01
2025-05-26,NEUMATICO CENTRO ME VILLARRICA,17700.0,Sin categoría,Sin categoría,,,01/01
2025-05-26,Z PERFORMANCE REPUE VILLARRICA,1800.0,Sin categoría,Sin categoría,,,01/01
2025-05-26,ESTUDIO BARAHONA LI CAUTIN,16500.0,Sin categoría,Sin categoría,,,01/01
2025-05-26,MERCADOPAGO*EPULEF LAS CONDES,12900.0,Pagos Digitales,Sin categoría,,,01/01
2025-05-26,MORA PUCON,19635.0,Sin categoría,Sin categoría,,,01/01
2025-05-26,COPEC ASISTIDO LAS CONDES,16000.0,Combustible,Sin categoría,,,01/01
2025-05-25,FAMILIA UNIDA UYP S CAUTIN,3560.0,Alimentos,Sin categoría,,,01/01
2025-05-24,SUPERMERCADO PUCON PUCON,9274.0,Supermercado,Sin categoría,,,01/01
2025-05-24,FERRETERIA ELTIT PUCON,2630.0,Ferretería,Sin categoría,,,01/01
2025-05-24,SUPERMERCADO IBACAC CURARREHUE,13020.0,Supermercado,Sin categoría,,,01/01
2025-05-23,MERCADOPAGO*ALIPAYS LAS CONDES,23833.0,Pagos Digitales,Sin categoría,,,01/01
2025-05-22,AGROFOOD 11001SANTIAG,4500.0,Sin categoría,Sin categoría,,,01/01
2025-05-22,FAMILIA UNIDA UYP S CAUTIN,8348.0,Alimentos,Sin categoría,,,01/01
2025-05-22,AGROFOOD 11001SANTIAG,6500.0,Sin categoría,Sin categoría,,,01/01
2025-05-22,SUPERMERCADO IBACAC CURARREHUE,6980.0,Supermercado,Sin categoría,,,01/01
2025-05-21,PAYU *UBER TRIP SANTIAGO,4798.0,Transporte,Sin categoría,,,01/01
2025-05-20,UNIMARC LOS TRAPENS SANTIAGO,13820.0,Supermercado,Sin categoría,,,01/01
2025-05-20,ESTADIO CROATA SANTIAGO,18333.0,Sin categoría,Sin categoría,,,01/01
2025-05-19,UBER LAS CONDES,3990.0,Transporte,Sin categoría,,,01/01
2025-05-19,PAYU *UBER EATS SANTIAGO,28428.0,Transporte,Sin categoría,,,01/01
2025-05-17,SONRIE 2 SPA ANTOFAGASTA,2400.0,Sin categoría,Sin categoría,,,01/01
2025-05-17,MERCADOPAGO*PANFERN LAS CONDES,2820.0,Pagos Digitales,Sin categoría,,,01/01
2025-05-16,TUR BUS 1205 MOD.AE SANTIAGO,2000.0,Sin categoría,Sin categoría,,,01/01
2025-05-16,DRINK SANTIAGO ROTO SANTIAGO,6930.0,Sin categoría,Sin categoría,,,01/01
2025-05-16,MERPAGO*JETSMART LAS CONDES,46447.0,Pagos Digitales,Sin categoría,,,01/01
2025-05-15,FERRETERIA ELTIT PUCON,68350.0,Ferretería,Sin categoría,,,01/01
2025-05-15,SUPERMERCADO PUCON PUCON,29765.0,Supermercado,Sin categoría,,,01/01
2025-05-15,FARMACIA PUCON PUCON,1500.0,Sin categoría,Sin categoría,,,01/01
2025-05-15,SOCIEDAD COMERCIAL CAUTIN,8490.0,Sin categoría,Sin categoría,,,01/01
2025-05-14,COPEC ASISTIDO LAS CONDES,65015.0,Combustible,Sin categoría,,,01/01
2025-05-12,MERCADOPAGO*WINKLER LAS CONDES,25892.0,Pagos Digitales,Sin categoría,,,01/01
2025-05-10,MERCADOPAGO*FERRETE LAS CONDES,98000.0,Pagos Digitales,Sin categoría,,,01/01
2025-05-10,UNIMARC PUCON PUCON,6405.0,Supermercado,Sin categoría,,,01/01
2025-05-09,ARAMCO MANQUEHUE 41 SANTIAGO,10000.0,Sin categoría,Sin categoría,,,01/01
2025-05-09,PAYU *UBER TRIP SANTIAGO,3997.0,Transporte,Sin categoría,,,01/01
2025-05-09,COMERCIAL Y SERVICI LO BARNECHEA,31000.0,Sin categoría,Sin categoría,,,01/01
2025-05-09,PAYU *UBER TRIP SANTIAGO,3699.0,Transporte,Sin categoría,,,01/01
2025-05-08,PAYU *UBER TRIP SANTIAGO,1991.0,Transporte,Sin categoría,,,01/01
2025-05-08,MERCADOPAGO*ALIPAYS LAS CONDES,33133.0,Pagos Digitales,Sin categoría,,,01/01
2025-05-08,NUCLEO MAYOR APARTA SANTIAGO,94010.0,Sin categoría,Sin categoría,,,01/01
2025-05-08,CHILEXPRESS CAMINO SANTIAGO,17655.0,Sin categoría,Sin categoría,,,01/01
2025-05-07,VINCENZO SPA SANTIAGO,2000.0,Sin categoría,Sin categoría,,,01/01
2025-05-07,LBB LOS TRAPENSES S SANTIAGO,31100.0,Sin categoría,Sin categoría,,,01/01
2025-05-07,PAYU *UBER EATS SANTIAGO,6770.0,Transporte,Sin categoría,,,01/01
2025-05-07,LBB LOS TRAPENSES S SANTIAGO,8400.0,Sin categoría,Sin categoría,,,01/01
2025-05-07,LBB LOS TRAPENSES S SANTIAGO,2200.0,Sin categoría,Sin categoría,,,01/01
2025-05-06,EASYCANCHA LAS CONDES,14000.0,Sin categoría,Sin categoría,,,01/01
2025-05-06,BICE VIDA PAT SANTIAGO,19494.0,Seguros,Costos Fijos,,,01/01
2025-05-06,SHELL.PATAGONI 75.T SANTIAGO,5780.0,Sin categoría,Sin categoría,,,01/01
2025-05-06,CLUB VITACURA SANTIAGO,5000.0,Sin categoría,Sin categoría,,,01/01
2025-05-06,CLUB VITACURA SANTIAGO,3000.0,Sin categoría,Sin categoría,,,01/01
2025-05-06,SPID EL TRANQUE SANTIAGO,6592.0,Sin categoría,Sin categoría,,,01/01
2025-05-06,STREET WRAP LO BARN SANTIAGO,9990.0,Sin categoría,Sin categoría,,,01/01
2025-05-06,NIU SUSHI SANTIAGO,4200.0,Sin categoría,Sin categoría,,,01/01
2025-05-06,STA ISABEL EL GABIN SANTIAGO,5830.0,Sin categoría,Sin categoría,,,01/01
2025-05-06,SALCOBRAND AVDA LA SANTIAGO,7651.0,Sin categoría,Sin categoría,,,01/01
2025-05-05,PCV LOS VOLCANES VILLARRICA,30892.0,Sin categoría,Sin categoría,,,01/01
2025-05-05,SUPERMERCADO PUCON PUCON,111014.0,Supermercado,Sin categoría,,,01/01
2025-05-05,DEPORTES SALMO REY CAUTIN,19600.0,Sin categoría,Sin categoría,,,01/01
2025-05-05,FARMACIA DERIVAL CAUTIN,900.0,Sin categoría,Sin categoría,,,01/01
2025-05-05,MERPAGO*CAROLINA AN VILLARRICA,3000.0,Pagos Digitales,Sin categoría,,,01/01
2025-05-05,GRANDES TIENDAS HAI PUCON,22950.0,Sin categoría,Sin categoría,,,01/01
2025-05-05,MERCADOPAGO*LAHUERT LAS CONDES,36970.0,Pagos Digitales,Sin categoría,,,01/01
2025-05-05,TUU*mufin YUMBEL,2460.0,Sin categoría,Sin categoría,,,01/01
2025-05-05,RECORRIDO SANTIAGO,22430.0,Sin categoría,Sin categoría,,,01/01
2025-05-04,PAYU *UBER EATS SANTIAGO,9962.0,Transporte,Sin categoría,,,01/01
2025-05-02,SUPERMERCADO IBACAC CURARREHUE,7330.0,Supermercado,Sin categoría,,,01/01
2025-05-02,MERCADOPAGO*FERRETE LAS CONDES,33000.0,Pagos Digitales,Sin categoría,,,01/01
2025-05-01,LIDER.CL TIENDA WEB SANTIAGO,100770.0,Supermercado,Sin categoría,,,01/01
2025-05-01,SUPERMERCADO IBACAC CURARREHUE,10620.0,Supermercado,Sin categoría,,,01/01
2025-05-01,INVERSIONES LD SPA CAUTIN,4790.0,Sin categoría,Sin categoría,,,01/01
2025-05-01,DLOCAL *GOOGLE ADS SANTIAGO,58145.0,Publicidad Google,Costos de Marketing,,,01/01
2025-04-29,SUPERMERCADO IBACAC CURARREHUE,11210.0,Supermercado,Sin categoría,,,01/01
2025-04-28,SOCIEDAD CAFE 2001 CAUTIN,15400.0,Sin categoría,Sin categoría,,,01/01
2025-04-27,SUPERMERCADO IBACAC CURARREHUE,3350.0,Supermercado,Sin categoría,,,01/01
2025-04-26,MERCADOPAGO*PROVISI LAS CONDES,12420.0,Pagos Digitales,Sin categoría,,,01/01
2025-04-25,INVERSIONES LD SPA CAUTIN,13000.0,Sin categoría,Sin categoría,,,01/01
2025-04-25,SUPERMERCADO IBACAC CURARREHUE,11020.0,Supermercado,Sin categoría,,,01/01
2025-04-25,AGROFOOD 11001SANTIAG,5400.0,Sin categoría,Sin categoría,,,01/01
2025-06-23,Cargo Seguro Proteccion Bancaria,785.0,Sin categoría,Sin categoría,,,
2025-06-19,Traspaso A:Diego Luis Perez,16280.0,Sin categoría,Sin categoría,,,
2025-06-18,Traspaso A:Javiera Rodriguez,45000.0,Gas,Costos Variables,,,
2025-06-17,Traspaso A:Guillermo Ulloa Silva,10000.0,Sin categoría,Sin categoría,,,
2025-06-16,Traspaso A:Medio De Pago Fintoc,32220.0,Sin categoría,Sin categoría,,,
2025-06-16,Traspaso A:Axel Aguirre,15000.0,Remuneraciones,Sin categoría,,,
2025-06-13,Traspaso A:Tomas Ramirez Rondon,34000.0,Sin categoría,Sin categoría,,,
2025-06-12,Pago Tarjeta De Credito,26056.0,Sin categoría,Sin categoría,,,
2025-06-12,Cargo Por Pago Tc,1586227.0,Sin categoría,Sin categoría,,,
2025-06-10,Traspaso A:Medio De Pago Fintoc,21010.0,Sin categoría,Sin categoría,,,
2025-06-09,Traspaso A:Sebastian Paredes,3000.0,Sin categoría,Sin categoría,,,
2025-06-06,Traspaso A:Tomas Ramirez Rondon,34000.0,Sin categoría,Sin categoría,,,
2025-06-05,Traspaso A:Felipe Hidalgo Sanhuez,58250.0,Sin categoría,Sin categoría,,,
2025-06-02,Intereses Linea De Credito,2.0,Sin categoría,Sin categoría,,,
2025-06-02,Impuesto Linea De Credito,2.0,Sin categoría,Sin categoría,,,
2025-06-02,Traspaso A:Pilar Quiroga Toro,300000.0,Arriendo,Costos Fijos,,,
2025-05-30,Traspaso A:Tomas Ramirez Rondon,34000.0,Sin categoría,Sin categoría,,,
2025-05-26,Traspaso A:Luis Riquelme,4000.0,Sin categoría,Sin categoría,,,
2025-05-26,Traspaso A:Nicolas Vallejos,184000.0,Sin categoría,Sin categoría,,,
2025-05-23,Recaudacion Y Pagos De Servicios   *,16990.0,Sin categoría,Sin categoría,,,
2025-05-22,Cargo Seguro Proteccion Bancaria,783.0,Sin categoría,Sin categoría,,,
2025-05-22,Traspaso A:Medio De Pago Fintoc,19500.0,Sin categoría,Sin categoría,,,
2025-05-16,Traspaso A:Tomas Ramirez Rondon,34000.0,Sin categoría,Sin categoría,,,
2025-05-16,Traspaso A:Dinko Damjanic,29500.0,Sin categoría,Sin categoría,,,
2025-05-15,Cargo Por Pago Tc,1570020.0,Sin categoría,Sin categoría,,,
2025-05-15,Traspaso A:Axel Aguirre,20000.0,Remuneraciones,Sin categoría,,,
2025-05-13,Traspaso A:Daniel Inostroza Canales,500000.0,Mano obra HotBoat daniel,Sin categoría,,,
2025-05-12,Traspaso A:Vasti Madariaga,3000.0,Sin categoría,Sin categoría,,,
2025-05-12,Prima Seguro Desgravamen  *,3503.0,Sin categoría,Sin categoría,,,
2025-05-12,Traspaso A:Medio De Pago Fintoc,32220.0,Sin categoría,Sin categoría,,,
2025-06-05,Giro Cajero Automatico             *,20000.0,Sin categoría,Sin categoría,,,
2025-06-05,Traspaso A:Medio De Pago Fintoc,32930.0,Sin categoría,Sin categoría,,,
2025-02-05,Amortizacion A Linea De Credito,3175.0,Sin categoría,Sin categoría,,,
2025-02-05,Intereses Linea De Credito,17.0,Sin categoría,Sin categoría,,,
2025-02-05,Impuesto Linea De Credito,2.0,Sin categoría,Sin categoría,,,
2025-08-04,Traspaso A:Hector Llancao,190000.0,Sin categoría,Sin categoría,,,
2025-07-04,Traspaso A:Javiera Hernandez,40000.0,Sin categoría,Sin categoría,,,
2025-03-24,Cargo Seguro Proteccion Bancaria,777.0,Sin categoría,Sin categoría,,,
2025-03-20,Traspaso A:Brian Godoy Silva,198623.0,Sin categoría,Sin categoría,,,
2025-03-20,Traspaso A:Daniel Inostroza Canales,108860.0,Mano obra HotBoat daniel,Sin categoría,,,
2025-03-17,Amortizacion A Linea De Credito,64394.0,Sin categoría,Sin categoría,,,
2025-03-17,Traspaso A:Alejandro Calabrano,127000.0,Sin categoría,Sin categoría,,,
2025-03-14,Pago Tarjeta De Credito,1173174.0,Sin categoría,Sin categoría,,,
2025-03-14,Cargo Por Pago Tc,673044.0,Sin categoría,Sin categoría,,,
2025-03-03,Traspaso A:Hector Zamorano,20000.0,Sin categoría,Sin categoría,,,
2025-02-24,Cargo Seguro Proteccion Bancaria,772.0,Sin categoría,Sin categoría,,,
2025-02-21,Traspaso A:Pilar Quiroga Toro,500000.0,Arriendo,Costos Fijos,,,
2025-02-19,Traspaso A:Kupfer Hermanos Da,208496.0,Ferretería,Sin categoría,,,
2025-02-14,Cargo Por Pago Tc,459000.0,Sin categoría,Sin categoría,,,
2025-02-14,Cargo Por Pago Tc,1134300.0,Sin categoría,Sin categoría,,,
2025-02-13,Traspaso A:Juan Otarola,10000.0,Sin categoría,Sin categoría,,,
2025-02-12,Pago Tarjeta De Credito,167668.0,Sin categoría,Sin categoría,,,
2025-02-10,Traspaso A:Jaime Catricheo,7550.0,Sin categoría,Sin categoría,,,
2025-02-06,Traspaso A:Marcelo Araya,5000.0,Sin categoría,Sin categoría,,,
2025-01-27,Traspaso A:Johanna Rivera,10000.0,Sin categoría,Sin categoría,,,
2025-01-22,Traspaso A:Guillermo Ulloa Silva,10000.0,Sin categoría,Sin categoría,,,
2025-01-22,Cargo Seguro Proteccion Bancaria,768.0,Sin categoría,Sin categoría,,,
2025-01-20,Traspaso A:Johanna Rivera,10000.0,Sin categoría,Sin categoría,,,
2025-01-14,Traspaso A:Tomas Andreas Damjanic,190000.0,Sin categoría,Sin categoría,,,
2025-01-10,Pago:merpago*hotboatme,500.0,Pagos Digitales,Sin categoría,,,
2025-01-09,Traspaso A:Sacha Damjanic,300000.0,Sin categoría,Sin categoría,,,
2025-01-09,Traspaso A:Pilar Quiroga Toro,300000.0,Arriendo,Costos Fijos,,,
2025-01-09,Cargo Por Pago Tc,1203240.0,Sin categoría,Sin categoría,,,
2025-01-08,Amortizacion A Linea De Credito,1137.0,Sin categoría,Sin categoría,,,
2025-01-08,Traspaso A:Jaime Catricheo,7200.0,Sin categoría,Sin categoría,,,
2025-01-07,Traspaso A:Diego Penailillo,18000.0,Sin categoría,Sin categoría,,,
2025-01-06,Traspaso A:Nicole Barrientos,10000.0,Sin categoría,Sin categoría,,,
2025-01-06,Traspaso A:Guillermo Ulloa Silva,18000.0,Sin categoría,Sin categoría,,,
2025-01-06,Traspaso A:Nicole Barrientos,50000.0,Sin categoría,Sin categoría,,,
2025-01-02,Amortizacion A Linea De Credito,38507.0,Sin categoría,Sin categoría,,,
2025-01-02,Intereses Linea De Credito,381.0,Sin categoría,Sin categoría,,,
2025-01-02,Impuesto Linea De Credito,50.0,Sin categoría,Sin categoría,,,
2025-01-02,Traspaso A:Fabian Campos,15000.0,Sin categoría,Sin categoría,,,
2025-01-02,Traspaso A:Giussepe Orlando,2800.0,Sin categoría,Sin categoría,,,
2025-01-02,Traspaso A:Stephanie Concha,20950.0,Sin categoría,Sin categoría,,,
